<?xml version="1.0" encoding="UTF-8" ?>
<!-- This is a WordPress eXtended RSS file generated by WordPress as an export of your site. -->
<!-- It contains information about your site's posts, pages, comments, categories, and other content. -->
<!-- You may use this file to transfer that content from one site to another. -->
<!-- This file is not intended to serve as a complete backup of your site. -->

<!-- To import this information into a WordPress site follow these steps: -->
<!-- 1. Log in to that site as an administrator. -->
<!-- 2. Go to Tools: Import in the WordPress admin panel. -->
<!-- 3. Install the "WordPress" importer from the list. -->
<!-- 4. Activate & Run Importer. -->
<!-- 5. Upload this file using the form provided on that page. -->
<!-- 6. You will first be asked to map the authors in this export file to users -->
<!--    on the site. For each author, you may choose to map to an -->
<!--    existing user on the site or to create a new user. -->
<!-- 7. WordPress will then import each of the posts, pages, comments, categories, etc. -->
<!--    contained in this file into your site. -->

<!-- generator="WordPress/3.4.1" created="2012-07-20 10:19" -->
<rss version="2.0"
	xmlns:excerpt="http://wordpress.org/export/1.2/excerpt/"
	xmlns:content="http://purl.org/rss/1.0/modules/content/"
	xmlns:wfw="http://wellformedweb.org/CommentAPI/"
	xmlns:dc="http://purl.org/dc/elements/1.1/"
	xmlns:wp="http://wordpress.org/export/1.2/"
>

<channel>
	<title>Nice Hotel</title>
	<link>http://192.168.1.2/hotel/www2</link>
	<description>A Luxury WP Theme</description>
	<pubDate>Fri, 20 Jul 2012 10:19:46 +0000</pubDate>
	<language>en-US</language>
	<wp:wxr_version>1.2</wp:wxr_version>
	<wp:base_site_url>http://192.168.1.2/hotel/www2</wp:base_site_url>
	<wp:base_blog_url>http://192.168.1.2/hotel/www2</wp:base_blog_url>

	<wp:author><wp:author_id>1</wp:author_id><wp:author_login>admin</wp:author_login><wp:author_email>help@quitenicestuff.com</wp:author_email><wp:author_display_name><![CDATA[admin]]></wp:author_display_name><wp:author_first_name><![CDATA[]]></wp:author_first_name><wp:author_last_name><![CDATA[]]></wp:author_last_name></wp:author>

	<wp:category><wp:term_id>4</wp:term_id><wp:category_nicename>category-1</wp:category_nicename><wp:category_parent></wp:category_parent><wp:cat_name><![CDATA[Category #1]]></wp:cat_name></wp:category>
	<wp:category><wp:term_id>5</wp:term_id><wp:category_nicename>category-2</wp:category_nicename><wp:category_parent></wp:category_parent><wp:cat_name><![CDATA[Category #2]]></wp:cat_name></wp:category>
	<wp:category><wp:term_id>6</wp:term_id><wp:category_nicename>category-3</wp:category_nicename><wp:category_parent></wp:category_parent><wp:cat_name><![CDATA[Category #3]]></wp:cat_name></wp:category>
	<wp:category><wp:term_id>10</wp:term_id><wp:category_nicename>category-4</wp:category_nicename><wp:category_parent></wp:category_parent><wp:cat_name><![CDATA[Category #4]]></wp:cat_name></wp:category>
	<wp:category><wp:term_id>13</wp:term_id><wp:category_nicename>category-5</wp:category_nicename><wp:category_parent></wp:category_parent><wp:cat_name><![CDATA[Category #5]]></wp:cat_name></wp:category>
	<wp:category><wp:term_id>14</wp:term_id><wp:category_nicename>category-6</wp:category_nicename><wp:category_parent></wp:category_parent><wp:cat_name><![CDATA[Category #6]]></wp:cat_name></wp:category>
	<wp:category><wp:term_id>1</wp:term_id><wp:category_nicename>uncategorized</wp:category_nicename><wp:category_parent></wp:category_parent><wp:cat_name><![CDATA[Uncategorized]]></wp:cat_name></wp:category>
	<wp:tag><wp:term_id>7</wp:term_id><wp:tag_slug>tag-1</wp:tag_slug><wp:tag_name><![CDATA[Tag #1]]></wp:tag_name></wp:tag>
	<wp:tag><wp:term_id>8</wp:term_id><wp:tag_slug>tag-2</wp:tag_slug><wp:tag_name><![CDATA[Tag #2]]></wp:tag_name></wp:tag>
	<wp:tag><wp:term_id>11</wp:term_id><wp:tag_slug>tag-4</wp:tag_slug><wp:tag_name><![CDATA[Tag #4]]></wp:tag_name></wp:tag>
	<wp:tag><wp:term_id>12</wp:term_id><wp:tag_slug>tag-5</wp:tag_slug><wp:tag_name><![CDATA[Tag #5]]></wp:tag_name></wp:tag>
	<wp:tag><wp:term_id>15</wp:term_id><wp:tag_slug>tag-6</wp:tag_slug><wp:tag_name><![CDATA[Tag #6]]></wp:tag_name></wp:tag>
	<wp:tag><wp:term_id>9</wp:term_id><wp:tag_slug>tag3</wp:tag_slug><wp:tag_name><![CDATA[Tag#3]]></wp:tag_name></wp:tag>
	<wp:term><wp:term_id>3</wp:term_id><wp:term_taxonomy>nav_menu</wp:term_taxonomy><wp:term_slug>main-menu</wp:term_slug><wp:term_name><![CDATA[Main Menu]]></wp:term_name></wp:term>
	<wp:term><wp:term_id>16</wp:term_id><wp:term_taxonomy>nav_menu</wp:term_taxonomy><wp:term_slug>top-menu</wp:term_slug><wp:term_name><![CDATA[Top Menu]]></wp:term_name></wp:term>
	<wp:term><wp:term_id>17</wp:term_id><wp:term_taxonomy>nav_menu</wp:term_taxonomy><wp:term_slug>footer-menu</wp:term_slug><wp:term_name><![CDATA[Footer Menu]]></wp:term_name></wp:term>
	<wp:term><wp:term_id>18</wp:term_id><wp:term_taxonomy>nav_menu</wp:term_taxonomy><wp:term_slug>site-map</wp:term_slug><wp:term_name><![CDATA[Site Map]]></wp:term_name></wp:term>

	<generator>http://wordpress.org/?v=3.4.1</generator>

	<item>
		<title></title>
		<link>http://192.168.1.2/hotel/www2/?p=9</link>
		<pubDate>Fri, 20 Jul 2012 03:40:24 +0000</pubDate>
		<dc:creator>admin</dc:creator>
		<guid isPermaLink="false">http://192.168.1.2/hotel/www2/?p=9</guid>
		<description></description>
		<content:encoded><![CDATA[rates & reservations]]></content:encoded>
		<excerpt:encoded><![CDATA[]]></excerpt:encoded>
		<wp:post_id>9</wp:post_id>
		<wp:post_date>2012-07-20 03:40:24</wp:post_date>
		<wp:post_date_gmt>2012-07-20 03:40:24</wp:post_date_gmt>
		<wp:comment_status>open</wp:comment_status>
		<wp:ping_status>open</wp:ping_status>
		<wp:post_name>9</wp:post_name>
		<wp:status>publish</wp:status>
		<wp:post_parent>0</wp:post_parent>
		<wp:menu_order>2</wp:menu_order>
		<wp:post_type>nav_menu_item</wp:post_type>
		<wp:post_password></wp:post_password>
		<wp:is_sticky>0</wp:is_sticky>
		<category domain="nav_menu" nicename="main-menu"><![CDATA[Main Menu]]></category>
		<wp:postmeta>
			<wp:meta_key>_menu_item_type</wp:meta_key>
			<wp:meta_value><![CDATA[post_type]]></wp:meta_value>
		</wp:postmeta>
		<wp:postmeta>
			<wp:meta_key>_menu_item_menu_item_parent</wp:meta_key>
			<wp:meta_value><![CDATA[0]]></wp:meta_value>
		</wp:postmeta>
		<wp:postmeta>
			<wp:meta_key>_menu_item_object_id</wp:meta_key>
			<wp:meta_value><![CDATA[7]]></wp:meta_value>
		</wp:postmeta>
		<wp:postmeta>
			<wp:meta_key>_menu_item_object</wp:meta_key>
			<wp:meta_value><![CDATA[page]]></wp:meta_value>
		</wp:postmeta>
		<wp:postmeta>
			<wp:meta_key>_menu_item_target</wp:meta_key>
			<wp:meta_value><![CDATA[]]></wp:meta_value>
		</wp:postmeta>
		<wp:postmeta>
			<wp:meta_key>_menu_item_classes</wp:meta_key>
			<wp:meta_value><![CDATA[a:1:{i:0;s:0:"";}]]></wp:meta_value>
		</wp:postmeta>
		<wp:postmeta>
			<wp:meta_key>_menu_item_xfn</wp:meta_key>
			<wp:meta_value><![CDATA[]]></wp:meta_value>
		</wp:postmeta>
		<wp:postmeta>
			<wp:meta_key>_menu_item_url</wp:meta_key>
			<wp:meta_value><![CDATA[]]></wp:meta_value>
		</wp:postmeta>
	</item>
	<item>
		<title></title>
		<link>http://192.168.1.2/hotel/www2/?p=10</link>
		<pubDate>Fri, 20 Jul 2012 03:40:23 +0000</pubDate>
		<dc:creator>admin</dc:creator>
		<guid isPermaLink="false">http://192.168.1.2/hotel/www2/?p=10</guid>
		<description></description>
		<content:encoded><![CDATA[welcome]]></content:encoded>
		<excerpt:encoded><![CDATA[]]></excerpt:encoded>
		<wp:post_id>10</wp:post_id>
		<wp:post_date>2012-07-20 03:40:23</wp:post_date>
		<wp:post_date_gmt>2012-07-20 03:40:23</wp:post_date_gmt>
		<wp:comment_status>open</wp:comment_status>
		<wp:ping_status>open</wp:ping_status>
		<wp:post_name>10</wp:post_name>
		<wp:status>publish</wp:status>
		<wp:post_parent>0</wp:post_parent>
		<wp:menu_order>1</wp:menu_order>
		<wp:post_type>nav_menu_item</wp:post_type>
		<wp:post_password></wp:post_password>
		<wp:is_sticky>0</wp:is_sticky>
		<category domain="nav_menu" nicename="main-menu"><![CDATA[Main Menu]]></category>
		<wp:postmeta>
			<wp:meta_key>_menu_item_type</wp:meta_key>
			<wp:meta_value><![CDATA[post_type]]></wp:meta_value>
		</wp:postmeta>
		<wp:postmeta>
			<wp:meta_key>_menu_item_menu_item_parent</wp:meta_key>
			<wp:meta_value><![CDATA[0]]></wp:meta_value>
		</wp:postmeta>
		<wp:postmeta>
			<wp:meta_key>_menu_item_object_id</wp:meta_key>
			<wp:meta_value><![CDATA[5]]></wp:meta_value>
		</wp:postmeta>
		<wp:postmeta>
			<wp:meta_key>_menu_item_object</wp:meta_key>
			<wp:meta_value><![CDATA[page]]></wp:meta_value>
		</wp:postmeta>
		<wp:postmeta>
			<wp:meta_key>_menu_item_target</wp:meta_key>
			<wp:meta_value><![CDATA[]]></wp:meta_value>
		</wp:postmeta>
		<wp:postmeta>
			<wp:meta_key>_menu_item_classes</wp:meta_key>
			<wp:meta_value><![CDATA[a:1:{i:0;s:0:"";}]]></wp:meta_value>
		</wp:postmeta>
		<wp:postmeta>
			<wp:meta_key>_menu_item_xfn</wp:meta_key>
			<wp:meta_value><![CDATA[]]></wp:meta_value>
		</wp:postmeta>
		<wp:postmeta>
			<wp:meta_key>_menu_item_url</wp:meta_key>
			<wp:meta_value><![CDATA[]]></wp:meta_value>
		</wp:postmeta>
	</item>
	<item>
		<title>Hotel Room #1</title>
		<link>http://192.168.1.2/hotel/www2/?accommodation=hotel-room-1</link>
		<pubDate>Fri, 20 Jul 2012 03:46:32 +0000</pubDate>
		<dc:creator>admin</dc:creator>
		<guid isPermaLink="false">http://192.168.1.2/hotel/www2/?post_type=accommodation&#038;p=12</guid>
		<description></description>
		<content:encoded><![CDATA[Etiam eget urna augue. Aenean posuere pharetra tortor eu sodales. Aenean vitae facilisis ligula. Nulla facilisi. Pellentesque habitant morbi tristique senectus et netus et malesuada fames ac turpis egestas. Quisque dictum neque in lectus cursus congue. Phasellus sodales condimentum rutrum.]]></content:encoded>
		<excerpt:encoded><![CDATA[]]></excerpt:encoded>
		<wp:post_id>12</wp:post_id>
		<wp:post_date>2012-07-20 03:46:32</wp:post_date>
		<wp:post_date_gmt>2012-07-20 03:46:32</wp:post_date_gmt>
		<wp:comment_status>closed</wp:comment_status>
		<wp:ping_status>closed</wp:ping_status>
		<wp:post_name>hotel-room-1</wp:post_name>
		<wp:status>publish</wp:status>
		<wp:post_parent>0</wp:post_parent>
		<wp:menu_order>0</wp:menu_order>
		<wp:post_type>accommodation</wp:post_type>
		<wp:post_password></wp:post_password>
		<wp:is_sticky>0</wp:is_sticky>
		<wp:postmeta>
			<wp:meta_key>_edit_last</wp:meta_key>
			<wp:meta_value><![CDATA[1]]></wp:meta_value>
		</wp:postmeta>
		<wp:postmeta>
			<wp:meta_key>qns_accommodation_price</wp:meta_key>
			<wp:meta_value><![CDATA[100]]></wp:meta_value>
		</wp:postmeta>
		<wp:postmeta>
			<wp:meta_key>qns_accommodation_price_info</wp:meta_key>
			<wp:meta_value><![CDATA[Per Night]]></wp:meta_value>
		</wp:postmeta>
		<wp:postmeta>
			<wp:meta_key>qns_accommodation_details</wp:meta_key>
			<wp:meta_value><![CDATA[[columns]
[one_third]
[list type=tick]
[li]List Item #1[/li]
[li]List Item #1[/li]
[li]List Item #1[/li]
[li]List Item #1[/li]
[li]List Item #1[/li]
[li]List Item #1[/li]
[/list]
[/one_third]
[one_third]
[list type=tick]
[li]List Item #1[/li]
[li]List Item #1[/li]
[li]List Item #1[/li]
[li]List Item #1[/li]
[li]List Item #1[/li]
[li]List Item #1[/li]
[/list]
[/one_third]
[one_third_last]
[list type=tick]
[li]List Item #1[/li]
[li]List Item #1[/li]
[li]List Item #1[/li]
[li]List Item #1[/li]
[li]List Item #1[/li]
[li]List Item #1[/li]
[/list]
[/one_third_last]
[/columns]]]></wp:meta_value>
		</wp:postmeta>
	</item>
	<item>
		<title>Hotel Room #2</title>
		<link>http://192.168.1.2/hotel/www2/?accommodation=hotel-room-2</link>
		<pubDate>Fri, 20 Jul 2012 03:49:23 +0000</pubDate>
		<dc:creator>admin</dc:creator>
		<guid isPermaLink="false">http://192.168.1.2/hotel/www2/?post_type=accommodation&#038;p=13</guid>
		<description></description>
		<content:encoded><![CDATA[Etiam eget urna augue. Aenean posuere pharetra tortor eu sodales. Aenean vitae facilisis ligula. Nulla facilisi. Pellentesque habitant morbi tristique senectus et netus et malesuada fames ac turpis egestas. Quisque dictum neque in lectus cursus congue. Phasellus sodales condimentum rutrum.]]></content:encoded>
		<excerpt:encoded><![CDATA[]]></excerpt:encoded>
		<wp:post_id>13</wp:post_id>
		<wp:post_date>2012-07-20 03:49:23</wp:post_date>
		<wp:post_date_gmt>2012-07-20 03:49:23</wp:post_date_gmt>
		<wp:comment_status>closed</wp:comment_status>
		<wp:ping_status>closed</wp:ping_status>
		<wp:post_name>hotel-room-2</wp:post_name>
		<wp:status>publish</wp:status>
		<wp:post_parent>0</wp:post_parent>
		<wp:menu_order>0</wp:menu_order>
		<wp:post_type>accommodation</wp:post_type>
		<wp:post_password></wp:post_password>
		<wp:is_sticky>0</wp:is_sticky>
		<wp:postmeta>
			<wp:meta_key>_edit_last</wp:meta_key>
			<wp:meta_value><![CDATA[1]]></wp:meta_value>
		</wp:postmeta>
		<wp:postmeta>
			<wp:meta_key>qns_accommodation_price</wp:meta_key>
			<wp:meta_value><![CDATA[120]]></wp:meta_value>
		</wp:postmeta>
		<wp:postmeta>
			<wp:meta_key>qns_accommodation_price_info</wp:meta_key>
			<wp:meta_value><![CDATA[Per Night]]></wp:meta_value>
		</wp:postmeta>
		<wp:postmeta>
			<wp:meta_key>qns_accommodation_details</wp:meta_key>
			<wp:meta_value><![CDATA[[columns]
[one_third]
[list type=tick]
[li]List Item #1[/li]
[li]List Item #1[/li]
[li]List Item #1[/li]
[li]List Item #1[/li]
[li]List Item #1[/li]
[li]List Item #1[/li]
[/list]
[/one_third]
[one_third]
[list type=tick]
[li]List Item #1[/li]
[li]List Item #1[/li]
[li]List Item #1[/li]
[li]List Item #1[/li]
[li]List Item #1[/li]
[li]List Item #1[/li]
[/list]
[/one_third]
[one_third_last]
[list type=tick]
[li]List Item #1[/li]
[li]List Item #1[/li]
[li]List Item #1[/li]
[li]List Item #1[/li]
[li]List Item #1[/li]
[li]List Item #1[/li]
[/list]
[/one_third_last]
[/columns]]]></wp:meta_value>
		</wp:postmeta>
	</item>
	<item>
		<title>Hotel Room #3</title>
		<link>http://192.168.1.2/hotel/www2/?accommodation=hotel-room-3</link>
		<pubDate>Fri, 20 Jul 2012 03:51:21 +0000</pubDate>
		<dc:creator>admin</dc:creator>
		<guid isPermaLink="false">http://192.168.1.2/hotel/www2/?post_type=accommodation&#038;p=16</guid>
		<description></description>
		<content:encoded><![CDATA[Etiam eget urna augue. Aenean posuere pharetra tortor eu sodales. Aenean vitae facilisis ligula. Nulla facilisi. Pellentesque habitant morbi tristique senectus et netus et malesuada fames ac turpis egestas. Quisque dictum neque in lectus cursus congue. Phasellus sodales condimentum rutrum.]]></content:encoded>
		<excerpt:encoded><![CDATA[]]></excerpt:encoded>
		<wp:post_id>16</wp:post_id>
		<wp:post_date>2012-07-20 03:51:21</wp:post_date>
		<wp:post_date_gmt>2012-07-20 03:51:21</wp:post_date_gmt>
		<wp:comment_status>closed</wp:comment_status>
		<wp:ping_status>closed</wp:ping_status>
		<wp:post_name>hotel-room-3</wp:post_name>
		<wp:status>publish</wp:status>
		<wp:post_parent>0</wp:post_parent>
		<wp:menu_order>0</wp:menu_order>
		<wp:post_type>accommodation</wp:post_type>
		<wp:post_password></wp:post_password>
		<wp:is_sticky>0</wp:is_sticky>
		<wp:postmeta>
			<wp:meta_key>_edit_last</wp:meta_key>
			<wp:meta_value><![CDATA[1]]></wp:meta_value>
		</wp:postmeta>
		<wp:postmeta>
			<wp:meta_key>qns_accommodation_price</wp:meta_key>
			<wp:meta_value><![CDATA[180]]></wp:meta_value>
		</wp:postmeta>
		<wp:postmeta>
			<wp:meta_key>qns_accommodation_price_info</wp:meta_key>
			<wp:meta_value><![CDATA[Per Night]]></wp:meta_value>
		</wp:postmeta>
		<wp:postmeta>
			<wp:meta_key>qns_accommodation_details</wp:meta_key>
			<wp:meta_value><![CDATA[[columns]
[one_third]
[list type=tick]
[li]List Item #1[/li]
[li]List Item #1[/li]
[li]List Item #1[/li]
[li]List Item #1[/li]
[li]List Item #1[/li]
[li]List Item #1[/li]
[/list]
[/one_third]
[one_third]
[list type=tick]
[li]List Item #1[/li]
[li]List Item #1[/li]
[li]List Item #1[/li]
[li]List Item #1[/li]
[li]List Item #1[/li]
[li]List Item #1[/li]
[/list]
[/one_third]
[one_third_last]
[list type=tick]
[li]List Item #1[/li]
[li]List Item #1[/li]
[li]List Item #1[/li]
[li]List Item #1[/li]
[li]List Item #1[/li]
[li]List Item #1[/li]
[/list]
[/one_third_last]
[/columns]]]></wp:meta_value>
		</wp:postmeta>
	</item>
	<item>
		<title>Hotel Room #4</title>
		<link>http://192.168.1.2/hotel/www2/?accommodation=hotel-room-4</link>
		<pubDate>Fri, 20 Jul 2012 03:52:27 +0000</pubDate>
		<dc:creator>admin</dc:creator>
		<guid isPermaLink="false">http://192.168.1.2/hotel/www2/?post_type=accommodation&#038;p=17</guid>
		<description></description>
		<content:encoded><![CDATA[Etiam eget urna augue. Aenean posuere pharetra tortor eu sodales. Aenean vitae facilisis ligula. Nulla facilisi. Pellentesque habitant morbi tristique senectus et netus et malesuada fames ac turpis egestas. Quisque dictum neque in lectus cursus congue. Phasellus sodales condimentum rutrum.]]></content:encoded>
		<excerpt:encoded><![CDATA[]]></excerpt:encoded>
		<wp:post_id>17</wp:post_id>
		<wp:post_date>2012-07-20 03:52:27</wp:post_date>
		<wp:post_date_gmt>2012-07-20 03:52:27</wp:post_date_gmt>
		<wp:comment_status>closed</wp:comment_status>
		<wp:ping_status>closed</wp:ping_status>
		<wp:post_name>hotel-room-4</wp:post_name>
		<wp:status>publish</wp:status>
		<wp:post_parent>0</wp:post_parent>
		<wp:menu_order>0</wp:menu_order>
		<wp:post_type>accommodation</wp:post_type>
		<wp:post_password></wp:post_password>
		<wp:is_sticky>0</wp:is_sticky>
		<wp:postmeta>
			<wp:meta_key>_edit_last</wp:meta_key>
			<wp:meta_value><![CDATA[1]]></wp:meta_value>
		</wp:postmeta>
		<wp:postmeta>
			<wp:meta_key>qns_accommodation_price</wp:meta_key>
			<wp:meta_value><![CDATA[100]]></wp:meta_value>
		</wp:postmeta>
		<wp:postmeta>
			<wp:meta_key>qns_accommodation_price_info</wp:meta_key>
			<wp:meta_value><![CDATA[Per Night]]></wp:meta_value>
		</wp:postmeta>
		<wp:postmeta>
			<wp:meta_key>qns_accommodation_details</wp:meta_key>
			<wp:meta_value><![CDATA[[columns]
[one_third]
[list type=tick]
[li]List Item #1[/li]
[li]List Item #1[/li]
[li]List Item #1[/li]
[li]List Item #1[/li]
[li]List Item #1[/li]
[li]List Item #1[/li]
[/list]
[/one_third]
[one_third]
[list type=tick]
[li]List Item #1[/li]
[li]List Item #1[/li]
[li]List Item #1[/li]
[li]List Item #1[/li]
[li]List Item #1[/li]
[li]List Item #1[/li]
[/list]
[/one_third]
[one_third_last]
[list type=tick]
[li]List Item #1[/li]
[li]List Item #1[/li]
[li]List Item #1[/li]
[li]List Item #1[/li]
[li]List Item #1[/li]
[li]List Item #1[/li]
[/list]
[/one_third_last]
[/columns]]]></wp:meta_value>
		</wp:postmeta>
	</item>
	<item>
		<title>Hotel Room #5</title>
		<link>http://192.168.1.2/hotel/www2/?accommodation=hotel-room-5</link>
		<pubDate>Fri, 20 Jul 2012 03:52:54 +0000</pubDate>
		<dc:creator>admin</dc:creator>
		<guid isPermaLink="false">http://192.168.1.2/hotel/www2/?post_type=accommodation&#038;p=18</guid>
		<description></description>
		<content:encoded><![CDATA[Etiam eget urna augue. Aenean posuere pharetra tortor eu sodales. Aenean vitae facilisis ligula. Nulla facilisi. Pellentesque habitant morbi tristique senectus et netus et malesuada fames ac turpis egestas. Quisque dictum neque in lectus cursus congue. Phasellus sodales condimentum rutrum.]]></content:encoded>
		<excerpt:encoded><![CDATA[]]></excerpt:encoded>
		<wp:post_id>18</wp:post_id>
		<wp:post_date>2012-07-20 03:52:54</wp:post_date>
		<wp:post_date_gmt>2012-07-20 03:52:54</wp:post_date_gmt>
		<wp:comment_status>closed</wp:comment_status>
		<wp:ping_status>closed</wp:ping_status>
		<wp:post_name>hotel-room-5</wp:post_name>
		<wp:status>publish</wp:status>
		<wp:post_parent>0</wp:post_parent>
		<wp:menu_order>0</wp:menu_order>
		<wp:post_type>accommodation</wp:post_type>
		<wp:post_password></wp:post_password>
		<wp:is_sticky>0</wp:is_sticky>
		<wp:postmeta>
			<wp:meta_key>_edit_last</wp:meta_key>
			<wp:meta_value><![CDATA[1]]></wp:meta_value>
		</wp:postmeta>
		<wp:postmeta>
			<wp:meta_key>qns_accommodation_price</wp:meta_key>
			<wp:meta_value><![CDATA[160]]></wp:meta_value>
		</wp:postmeta>
		<wp:postmeta>
			<wp:meta_key>qns_accommodation_price_info</wp:meta_key>
			<wp:meta_value><![CDATA[Per Night]]></wp:meta_value>
		</wp:postmeta>
		<wp:postmeta>
			<wp:meta_key>qns_accommodation_details</wp:meta_key>
			<wp:meta_value><![CDATA[[columns]
[one_third]
[list type=tick]
[li]List Item #1[/li]
[li]List Item #1[/li]
[li]List Item #1[/li]
[li]List Item #1[/li]
[li]List Item #1[/li]
[li]List Item #1[/li]
[/list]
[/one_third]
[one_third]
[list type=tick]
[li]List Item #1[/li]
[li]List Item #1[/li]
[li]List Item #1[/li]
[li]List Item #1[/li]
[li]List Item #1[/li]
[li]List Item #1[/li]
[/list]
[/one_third]
[one_third_last]
[list type=tick]
[li]List Item #1[/li]
[li]List Item #1[/li]
[li]List Item #1[/li]
[li]List Item #1[/li]
[li]List Item #1[/li]
[li]List Item #1[/li]
[/list]
[/one_third_last]
[/columns]]]></wp:meta_value>
		</wp:postmeta>
		<wp:postmeta>
			<wp:meta_key>qns_accommodation_featured</wp:meta_key>
			<wp:meta_value><![CDATA[on]]></wp:meta_value>
		</wp:postmeta>
	</item>
	<item>
		<title>Hotel Room #6</title>
		<link>http://192.168.1.2/hotel/www2/?accommodation=hotel-room-6</link>
		<pubDate>Fri, 20 Jul 2012 03:53:22 +0000</pubDate>
		<dc:creator>admin</dc:creator>
		<guid isPermaLink="false">http://192.168.1.2/hotel/www2/?post_type=accommodation&#038;p=19</guid>
		<description></description>
		<content:encoded><![CDATA[Etiam eget urna augue. Aenean posuere pharetra tortor eu sodales. Aenean vitae facilisis ligula. Nulla facilisi. Pellentesque habitant morbi tristique senectus et netus et malesuada fames ac turpis egestas. Quisque dictum neque in lectus cursus congue. Phasellus sodales condimentum rutrum.]]></content:encoded>
		<excerpt:encoded><![CDATA[]]></excerpt:encoded>
		<wp:post_id>19</wp:post_id>
		<wp:post_date>2012-07-20 03:53:22</wp:post_date>
		<wp:post_date_gmt>2012-07-20 03:53:22</wp:post_date_gmt>
		<wp:comment_status>closed</wp:comment_status>
		<wp:ping_status>closed</wp:ping_status>
		<wp:post_name>hotel-room-6</wp:post_name>
		<wp:status>publish</wp:status>
		<wp:post_parent>0</wp:post_parent>
		<wp:menu_order>0</wp:menu_order>
		<wp:post_type>accommodation</wp:post_type>
		<wp:post_password></wp:post_password>
		<wp:is_sticky>0</wp:is_sticky>
		<wp:postmeta>
			<wp:meta_key>_edit_last</wp:meta_key>
			<wp:meta_value><![CDATA[1]]></wp:meta_value>
		</wp:postmeta>
		<wp:postmeta>
			<wp:meta_key>qns_accommodation_price</wp:meta_key>
			<wp:meta_value><![CDATA[100]]></wp:meta_value>
		</wp:postmeta>
		<wp:postmeta>
			<wp:meta_key>qns_accommodation_price_info</wp:meta_key>
			<wp:meta_value><![CDATA[Per Night]]></wp:meta_value>
		</wp:postmeta>
		<wp:postmeta>
			<wp:meta_key>qns_accommodation_details</wp:meta_key>
			<wp:meta_value><![CDATA[[columns]
[one_third]
[list type=tick]
[li]List Item #1[/li]
[li]List Item #1[/li]
[li]List Item #1[/li]
[li]List Item #1[/li]
[li]List Item #1[/li]
[li]List Item #1[/li]
[/list]
[/one_third]
[one_third]
[list type=tick]
[li]List Item #1[/li]
[li]List Item #1[/li]
[li]List Item #1[/li]
[li]List Item #1[/li]
[li]List Item #1[/li]
[li]List Item #1[/li]
[/list]
[/one_third]
[one_third_last]
[list type=tick]
[li]List Item #1[/li]
[li]List Item #1[/li]
[li]List Item #1[/li]
[li]List Item #1[/li]
[li]List Item #1[/li]
[li]List Item #1[/li]
[/list]
[/one_third_last]
[/columns]]]></wp:meta_value>
		</wp:postmeta>
	</item>
	<item>
		<title></title>
		<link>http://192.168.1.2/hotel/www2/?p=26</link>
		<pubDate>Fri, 20 Jul 2012 04:17:36 +0000</pubDate>
		<dc:creator>admin</dc:creator>
		<guid isPermaLink="false">http://192.168.1.2/hotel/www2/?p=26</guid>
		<description></description>
		<content:encoded><![CDATA[get in touch]]></content:encoded>
		<excerpt:encoded><![CDATA[]]></excerpt:encoded>
		<wp:post_id>26</wp:post_id>
		<wp:post_date>2012-07-20 04:17:36</wp:post_date>
		<wp:post_date_gmt>2012-07-20 04:17:36</wp:post_date_gmt>
		<wp:comment_status>open</wp:comment_status>
		<wp:ping_status>open</wp:ping_status>
		<wp:post_name>26</wp:post_name>
		<wp:status>publish</wp:status>
		<wp:post_parent>0</wp:post_parent>
		<wp:menu_order>6</wp:menu_order>
		<wp:post_type>nav_menu_item</wp:post_type>
		<wp:post_password></wp:post_password>
		<wp:is_sticky>0</wp:is_sticky>
		<category domain="nav_menu" nicename="main-menu"><![CDATA[Main Menu]]></category>
		<wp:postmeta>
			<wp:meta_key>_menu_item_type</wp:meta_key>
			<wp:meta_value><![CDATA[post_type]]></wp:meta_value>
		</wp:postmeta>
		<wp:postmeta>
			<wp:meta_key>_menu_item_menu_item_parent</wp:meta_key>
			<wp:meta_value><![CDATA[0]]></wp:meta_value>
		</wp:postmeta>
		<wp:postmeta>
			<wp:meta_key>_menu_item_object_id</wp:meta_key>
			<wp:meta_value><![CDATA[23]]></wp:meta_value>
		</wp:postmeta>
		<wp:postmeta>
			<wp:meta_key>_menu_item_object</wp:meta_key>
			<wp:meta_value><![CDATA[page]]></wp:meta_value>
		</wp:postmeta>
		<wp:postmeta>
			<wp:meta_key>_menu_item_target</wp:meta_key>
			<wp:meta_value><![CDATA[]]></wp:meta_value>
		</wp:postmeta>
		<wp:postmeta>
			<wp:meta_key>_menu_item_classes</wp:meta_key>
			<wp:meta_value><![CDATA[a:1:{i:0;s:0:"";}]]></wp:meta_value>
		</wp:postmeta>
		<wp:postmeta>
			<wp:meta_key>_menu_item_xfn</wp:meta_key>
			<wp:meta_value><![CDATA[]]></wp:meta_value>
		</wp:postmeta>
		<wp:postmeta>
			<wp:meta_key>_menu_item_url</wp:meta_key>
			<wp:meta_value><![CDATA[]]></wp:meta_value>
		</wp:postmeta>
	</item>
	<item>
		<title></title>
		<link>http://192.168.1.2/hotel/www2/?p=27</link>
		<pubDate>Fri, 20 Jul 2012 04:17:36 +0000</pubDate>
		<dc:creator>admin</dc:creator>
		<guid isPermaLink="false">http://192.168.1.2/hotel/www2/?p=27</guid>
		<description></description>
		<content:encoded><![CDATA[what’s happening]]></content:encoded>
		<excerpt:encoded><![CDATA[]]></excerpt:encoded>
		<wp:post_id>27</wp:post_id>
		<wp:post_date>2012-07-20 04:17:36</wp:post_date>
		<wp:post_date_gmt>2012-07-20 04:17:36</wp:post_date_gmt>
		<wp:comment_status>open</wp:comment_status>
		<wp:ping_status>open</wp:ping_status>
		<wp:post_name>27</wp:post_name>
		<wp:status>publish</wp:status>
		<wp:post_parent>0</wp:post_parent>
		<wp:menu_order>3</wp:menu_order>
		<wp:post_type>nav_menu_item</wp:post_type>
		<wp:post_password></wp:post_password>
		<wp:is_sticky>0</wp:is_sticky>
		<category domain="nav_menu" nicename="main-menu"><![CDATA[Main Menu]]></category>
		<wp:postmeta>
			<wp:meta_key>_menu_item_type</wp:meta_key>
			<wp:meta_value><![CDATA[post_type]]></wp:meta_value>
		</wp:postmeta>
		<wp:postmeta>
			<wp:meta_key>_menu_item_menu_item_parent</wp:meta_key>
			<wp:meta_value><![CDATA[0]]></wp:meta_value>
		</wp:postmeta>
		<wp:postmeta>
			<wp:meta_key>_menu_item_object_id</wp:meta_key>
			<wp:meta_value><![CDATA[21]]></wp:meta_value>
		</wp:postmeta>
		<wp:postmeta>
			<wp:meta_key>_menu_item_object</wp:meta_key>
			<wp:meta_value><![CDATA[page]]></wp:meta_value>
		</wp:postmeta>
		<wp:postmeta>
			<wp:meta_key>_menu_item_target</wp:meta_key>
			<wp:meta_value><![CDATA[]]></wp:meta_value>
		</wp:postmeta>
		<wp:postmeta>
			<wp:meta_key>_menu_item_classes</wp:meta_key>
			<wp:meta_value><![CDATA[a:1:{i:0;s:0:"";}]]></wp:meta_value>
		</wp:postmeta>
		<wp:postmeta>
			<wp:meta_key>_menu_item_xfn</wp:meta_key>
			<wp:meta_value><![CDATA[]]></wp:meta_value>
		</wp:postmeta>
		<wp:postmeta>
			<wp:meta_key>_menu_item_url</wp:meta_key>
			<wp:meta_value><![CDATA[]]></wp:meta_value>
		</wp:postmeta>
	</item>
	<item>
		<title>Event Title #1</title>
		<link>http://192.168.1.2/hotel/www2/?event=event-title-1</link>
		<pubDate>Fri, 20 Jul 2012 04:18:59 +0000</pubDate>
		<dc:creator>admin</dc:creator>
		<guid isPermaLink="false">http://192.168.1.2/hotel/www2/?post_type=event&#038;p=28</guid>
		<description></description>
		<content:encoded><![CDATA[Lorem ipsum dolor sit amet, consectetur adipiscing elit. Donec nunc mi, ultricies eget aliquet interdum, dapibus in arcu. Praesent facilisis congue nulla vitae semper. Aenean vel euismod nibh. Morbi euismod, elit ut ornare varius, ipsum nisi tristique nisi, at volutpat odio leo sit amet justo. Nulla facilisi. Donec sed elit neque. Curabitur a nisi nunc. Cras fermentum auctor vulputate.

Ut malesuada libero ut nisl auctor scelerisque. Suspendisse mauris augue, scelerisque a cursus et, fringilla in ante. Aenean at quam nec purus tincidunt ultricies. Cras blandit, turpis vitae venenatis facilisis, nunc nisi condimentum odio, id sodales ligula lectus vel sem. Aenean eget arcu ipsum, nec consequat erat. Nullam pellentesque venenatis commodo. Cras dignissim hendrerit purus, sit amet tempus nisi viverra sollicitudin. Ut auctor orci lectus, non semper tortor. Pellentesque aliquam pellentesque purus, id consectetur ligula auctor in.

Lorem ipsum dolor sit amet, consectetur adipiscing elit. Pellentesque id nisl eu sem malesuada viverra. Aenean facilisis erat id risus condimentum ut imperdiet diam ultricies. Nulla lacus libero, euismod id vehicula sed, ultricies feugiat lorem. Nam sit amet justo metus. Maecenas commodo augue nec velit blandit ultrices. Nullam at erat non lorem porta feugiat nec id lorem. Suspendisse potenti. Mauris cursus sagittis nisl ut consequat. Donec lobortis sodales augue, ut bibendum felis faucibus vitae. Donec vel odio massa.

Duis id dui diam. Aenean a justo est. Praesent pharetra metus eget risus vehicula eleifend. Mauris accumsan fringilla nisi, nec molestie nibh facilisis in. Aenean convallis interdum lectus vitae sagittis. Integer quis volutpat felis. Cras leo orci, dignissim ac rutrum vitae, porttitor et leo. Etiam ut quam non dui condimentum volutpat ac at lectus. Duis ut mauris ut lacus tincidunt viverra. Morbi ornare tellus vitae velit molestie ullamcorper. Mauris sodales congue est, nec tristique nulla vulputate eu. Aliquam at nulla ut diam scelerisque dictum eu sit amet lectus. Nam viverra scelerisque nisl ac feugiat.]]></content:encoded>
		<excerpt:encoded><![CDATA[]]></excerpt:encoded>
		<wp:post_id>28</wp:post_id>
		<wp:post_date>2012-07-20 04:18:59</wp:post_date>
		<wp:post_date_gmt>2012-07-20 04:18:59</wp:post_date_gmt>
		<wp:comment_status>closed</wp:comment_status>
		<wp:ping_status>closed</wp:ping_status>
		<wp:post_name>event-title-1</wp:post_name>
		<wp:status>publish</wp:status>
		<wp:post_parent>0</wp:post_parent>
		<wp:menu_order>0</wp:menu_order>
		<wp:post_type>event</wp:post_type>
		<wp:post_password></wp:post_password>
		<wp:is_sticky>0</wp:is_sticky>
		<wp:postmeta>
			<wp:meta_key>_edit_last</wp:meta_key>
			<wp:meta_value><![CDATA[1]]></wp:meta_value>
		</wp:postmeta>
		<wp:postmeta>
			<wp:meta_key>qns_event_date</wp:meta_key>
			<wp:meta_value><![CDATA[07/27/2012]]></wp:meta_value>
		</wp:postmeta>
		<wp:postmeta>
			<wp:meta_key>qns_event_time</wp:meta_key>
			<wp:meta_value><![CDATA[9pm]]></wp:meta_value>
		</wp:postmeta>
		<wp:postmeta>
			<wp:meta_key>qns_event_location</wp:meta_key>
			<wp:meta_value><![CDATA[London, UK]]></wp:meta_value>
		</wp:postmeta>
	</item>
	<item>
		<title>Event Title #2</title>
		<link>http://192.168.1.2/hotel/www2/?event=event-title-1-2</link>
		<pubDate>Fri, 20 Jul 2012 04:19:28 +0000</pubDate>
		<dc:creator>admin</dc:creator>
		<guid isPermaLink="false">http://192.168.1.2/hotel/www2/?post_type=event&#038;p=29</guid>
		<description></description>
		<content:encoded><![CDATA[Lorem ipsum dolor sit amet, consectetur adipiscing elit. Donec nunc mi, ultricies eget aliquet interdum, dapibus in arcu. Praesent facilisis congue nulla vitae semper. Aenean vel euismod nibh. Morbi euismod, elit ut ornare varius, ipsum nisi tristique nisi, at volutpat odio leo sit amet justo. Nulla facilisi. Donec sed elit neque. Curabitur a nisi nunc. Cras fermentum auctor vulputate.

Ut malesuada libero ut nisl auctor scelerisque. Suspendisse mauris augue, scelerisque a cursus et, fringilla in ante. Aenean at quam nec purus tincidunt ultricies. Cras blandit, turpis vitae venenatis facilisis, nunc nisi condimentum odio, id sodales ligula lectus vel sem. Aenean eget arcu ipsum, nec consequat erat. Nullam pellentesque venenatis commodo. Cras dignissim hendrerit purus, sit amet tempus nisi viverra sollicitudin. Ut auctor orci lectus, non semper tortor. Pellentesque aliquam pellentesque purus, id consectetur ligula auctor in.

Lorem ipsum dolor sit amet, consectetur adipiscing elit. Pellentesque id nisl eu sem malesuada viverra. Aenean facilisis erat id risus condimentum ut imperdiet diam ultricies. Nulla lacus libero, euismod id vehicula sed, ultricies feugiat lorem. Nam sit amet justo metus. Maecenas commodo augue nec velit blandit ultrices. Nullam at erat non lorem porta feugiat nec id lorem. Suspendisse potenti. Mauris cursus sagittis nisl ut consequat. Donec lobortis sodales augue, ut bibendum felis faucibus vitae. Donec vel odio massa.

Duis id dui diam. Aenean a justo est. Praesent pharetra metus eget risus vehicula eleifend. Mauris accumsan fringilla nisi, nec molestie nibh facilisis in. Aenean convallis interdum lectus vitae sagittis. Integer quis volutpat felis. Cras leo orci, dignissim ac rutrum vitae, porttitor et leo. Etiam ut quam non dui condimentum volutpat ac at lectus. Duis ut mauris ut lacus tincidunt viverra. Morbi ornare tellus vitae velit molestie ullamcorper. Mauris sodales congue est, nec tristique nulla vulputate eu. Aliquam at nulla ut diam scelerisque dictum eu sit amet lectus. Nam viverra scelerisque nisl ac feugiat.]]></content:encoded>
		<excerpt:encoded><![CDATA[]]></excerpt:encoded>
		<wp:post_id>29</wp:post_id>
		<wp:post_date>2012-07-20 04:19:28</wp:post_date>
		<wp:post_date_gmt>2012-07-20 04:19:28</wp:post_date_gmt>
		<wp:comment_status>closed</wp:comment_status>
		<wp:ping_status>closed</wp:ping_status>
		<wp:post_name>event-title-1-2</wp:post_name>
		<wp:status>publish</wp:status>
		<wp:post_parent>0</wp:post_parent>
		<wp:menu_order>0</wp:menu_order>
		<wp:post_type>event</wp:post_type>
		<wp:post_password></wp:post_password>
		<wp:is_sticky>0</wp:is_sticky>
		<wp:postmeta>
			<wp:meta_key>_edit_last</wp:meta_key>
			<wp:meta_value><![CDATA[1]]></wp:meta_value>
		</wp:postmeta>
		<wp:postmeta>
			<wp:meta_key>qns_event_date</wp:meta_key>
			<wp:meta_value><![CDATA[07/28/2012]]></wp:meta_value>
		</wp:postmeta>
		<wp:postmeta>
			<wp:meta_key>qns_event_time</wp:meta_key>
			<wp:meta_value><![CDATA[8pm]]></wp:meta_value>
		</wp:postmeta>
		<wp:postmeta>
			<wp:meta_key>qns_event_location</wp:meta_key>
			<wp:meta_value><![CDATA[Shinjuku, Tokyo]]></wp:meta_value>
		</wp:postmeta>
	</item>
	<item>
		<title>Event Title #3</title>
		<link>http://192.168.1.2/hotel/www2/?event=event-title-3</link>
		<pubDate>Fri, 20 Jul 2012 04:20:25 +0000</pubDate>
		<dc:creator>admin</dc:creator>
		<guid isPermaLink="false">http://192.168.1.2/hotel/www2/?post_type=event&#038;p=30</guid>
		<description></description>
		<content:encoded><![CDATA[Lorem ipsum dolor sit amet, consectetur adipiscing elit. Donec nunc mi, ultricies eget aliquet interdum, dapibus in arcu. Praesent facilisis congue nulla vitae semper. Aenean vel euismod nibh. Morbi euismod, elit ut ornare varius, ipsum nisi tristique nisi, at volutpat odio leo sit amet justo. Nulla facilisi. Donec sed elit neque. Curabitur a nisi nunc. Cras fermentum auctor vulputate.

Ut malesuada libero ut nisl auctor scelerisque. Suspendisse mauris augue, scelerisque a cursus et, fringilla in ante. Aenean at quam nec purus tincidunt ultricies. Cras blandit, turpis vitae venenatis facilisis, nunc nisi condimentum odio, id sodales ligula lectus vel sem. Aenean eget arcu ipsum, nec consequat erat. Nullam pellentesque venenatis commodo. Cras dignissim hendrerit purus, sit amet tempus nisi viverra sollicitudin. Ut auctor orci lectus, non semper tortor. Pellentesque aliquam pellentesque purus, id consectetur ligula auctor in.

Lorem ipsum dolor sit amet, consectetur adipiscing elit. Pellentesque id nisl eu sem malesuada viverra. Aenean facilisis erat id risus condimentum ut imperdiet diam ultricies. Nulla lacus libero, euismod id vehicula sed, ultricies feugiat lorem. Nam sit amet justo metus. Maecenas commodo augue nec velit blandit ultrices. Nullam at erat non lorem porta feugiat nec id lorem. Suspendisse potenti. Mauris cursus sagittis nisl ut consequat. Donec lobortis sodales augue, ut bibendum felis faucibus vitae. Donec vel odio massa.

Duis id dui diam. Aenean a justo est. Praesent pharetra metus eget risus vehicula eleifend. Mauris accumsan fringilla nisi, nec molestie nibh facilisis in. Aenean convallis interdum lectus vitae sagittis. Integer quis volutpat felis. Cras leo orci, dignissim ac rutrum vitae, porttitor et leo. Etiam ut quam non dui condimentum volutpat ac at lectus. Duis ut mauris ut lacus tincidunt viverra. Morbi ornare tellus vitae velit molestie ullamcorper. Mauris sodales congue est, nec tristique nulla vulputate eu. Aliquam at nulla ut diam scelerisque dictum eu sit amet lectus. Nam viverra scelerisque nisl ac feugiat.]]></content:encoded>
		<excerpt:encoded><![CDATA[]]></excerpt:encoded>
		<wp:post_id>30</wp:post_id>
		<wp:post_date>2012-07-20 04:20:25</wp:post_date>
		<wp:post_date_gmt>2012-07-20 04:20:25</wp:post_date_gmt>
		<wp:comment_status>closed</wp:comment_status>
		<wp:ping_status>closed</wp:ping_status>
		<wp:post_name>event-title-3</wp:post_name>
		<wp:status>publish</wp:status>
		<wp:post_parent>0</wp:post_parent>
		<wp:menu_order>0</wp:menu_order>
		<wp:post_type>event</wp:post_type>
		<wp:post_password></wp:post_password>
		<wp:is_sticky>0</wp:is_sticky>
		<wp:postmeta>
			<wp:meta_key>_edit_last</wp:meta_key>
			<wp:meta_value><![CDATA[1]]></wp:meta_value>
		</wp:postmeta>
		<wp:postmeta>
			<wp:meta_key>qns_event_date</wp:meta_key>
			<wp:meta_value><![CDATA[07/29/2012]]></wp:meta_value>
		</wp:postmeta>
		<wp:postmeta>
			<wp:meta_key>qns_event_time</wp:meta_key>
			<wp:meta_value><![CDATA[9pm]]></wp:meta_value>
		</wp:postmeta>
		<wp:postmeta>
			<wp:meta_key>qns_event_location</wp:meta_key>
			<wp:meta_value><![CDATA[Manhattan, NYC]]></wp:meta_value>
		</wp:postmeta>
	</item>
	<item>
		<title></title>
		<link>http://192.168.1.2/hotel/www2/?p=37</link>
		<pubDate>Fri, 20 Jul 2012 10:03:08 +0000</pubDate>
		<dc:creator>admin</dc:creator>
		<guid isPermaLink="false">http://192.168.1.2/hotel/www2/?p=37</guid>
		<description></description>
		<content:encoded><![CDATA[happy customers]]></content:encoded>
		<excerpt:encoded><![CDATA[]]></excerpt:encoded>
		<wp:post_id>37</wp:post_id>
		<wp:post_date>2012-07-20 10:03:08</wp:post_date>
		<wp:post_date_gmt>2012-07-20 10:03:08</wp:post_date_gmt>
		<wp:comment_status>open</wp:comment_status>
		<wp:ping_status>open</wp:ping_status>
		<wp:post_name>37</wp:post_name>
		<wp:status>publish</wp:status>
		<wp:post_parent>0</wp:post_parent>
		<wp:menu_order>5</wp:menu_order>
		<wp:post_type>nav_menu_item</wp:post_type>
		<wp:post_password></wp:post_password>
		<wp:is_sticky>0</wp:is_sticky>
		<category domain="nav_menu" nicename="main-menu"><![CDATA[Main Menu]]></category>
		<wp:postmeta>
			<wp:meta_key>_menu_item_type</wp:meta_key>
			<wp:meta_value><![CDATA[post_type]]></wp:meta_value>
		</wp:postmeta>
		<wp:postmeta>
			<wp:meta_key>_menu_item_menu_item_parent</wp:meta_key>
			<wp:meta_value><![CDATA[0]]></wp:meta_value>
		</wp:postmeta>
		<wp:postmeta>
			<wp:meta_key>_menu_item_object_id</wp:meta_key>
			<wp:meta_value><![CDATA[35]]></wp:meta_value>
		</wp:postmeta>
		<wp:postmeta>
			<wp:meta_key>_menu_item_object</wp:meta_key>
			<wp:meta_value><![CDATA[page]]></wp:meta_value>
		</wp:postmeta>
		<wp:postmeta>
			<wp:meta_key>_menu_item_target</wp:meta_key>
			<wp:meta_value><![CDATA[]]></wp:meta_value>
		</wp:postmeta>
		<wp:postmeta>
			<wp:meta_key>_menu_item_classes</wp:meta_key>
			<wp:meta_value><![CDATA[a:1:{i:0;s:0:"";}]]></wp:meta_value>
		</wp:postmeta>
		<wp:postmeta>
			<wp:meta_key>_menu_item_xfn</wp:meta_key>
			<wp:meta_value><![CDATA[]]></wp:meta_value>
		</wp:postmeta>
		<wp:postmeta>
			<wp:meta_key>_menu_item_url</wp:meta_key>
			<wp:meta_value><![CDATA[]]></wp:meta_value>
		</wp:postmeta>
	</item>
	<item>
		<title></title>
		<link>http://192.168.1.2/hotel/www2/?p=38</link>
		<pubDate>Fri, 20 Jul 2012 10:03:08 +0000</pubDate>
		<dc:creator>admin</dc:creator>
		<guid isPermaLink="false">http://192.168.1.2/hotel/www2/?p=38</guid>
		<description></description>
		<content:encoded><![CDATA[the latest]]></content:encoded>
		<excerpt:encoded><![CDATA[]]></excerpt:encoded>
		<wp:post_id>38</wp:post_id>
		<wp:post_date>2012-07-20 10:03:08</wp:post_date>
		<wp:post_date_gmt>2012-07-20 10:03:08</wp:post_date_gmt>
		<wp:comment_status>open</wp:comment_status>
		<wp:ping_status>open</wp:ping_status>
		<wp:post_name>38</wp:post_name>
		<wp:status>publish</wp:status>
		<wp:post_parent>0</wp:post_parent>
		<wp:menu_order>4</wp:menu_order>
		<wp:post_type>nav_menu_item</wp:post_type>
		<wp:post_password></wp:post_password>
		<wp:is_sticky>0</wp:is_sticky>
		<category domain="nav_menu" nicename="main-menu"><![CDATA[Main Menu]]></category>
		<wp:postmeta>
			<wp:meta_key>_menu_item_type</wp:meta_key>
			<wp:meta_value><![CDATA[post_type]]></wp:meta_value>
		</wp:postmeta>
		<wp:postmeta>
			<wp:meta_key>_menu_item_menu_item_parent</wp:meta_key>
			<wp:meta_value><![CDATA[0]]></wp:meta_value>
		</wp:postmeta>
		<wp:postmeta>
			<wp:meta_key>_menu_item_object_id</wp:meta_key>
			<wp:meta_value><![CDATA[33]]></wp:meta_value>
		</wp:postmeta>
		<wp:postmeta>
			<wp:meta_key>_menu_item_object</wp:meta_key>
			<wp:meta_value><![CDATA[page]]></wp:meta_value>
		</wp:postmeta>
		<wp:postmeta>
			<wp:meta_key>_menu_item_target</wp:meta_key>
			<wp:meta_value><![CDATA[]]></wp:meta_value>
		</wp:postmeta>
		<wp:postmeta>
			<wp:meta_key>_menu_item_classes</wp:meta_key>
			<wp:meta_value><![CDATA[a:1:{i:0;s:0:"";}]]></wp:meta_value>
		</wp:postmeta>
		<wp:postmeta>
			<wp:meta_key>_menu_item_xfn</wp:meta_key>
			<wp:meta_value><![CDATA[]]></wp:meta_value>
		</wp:postmeta>
		<wp:postmeta>
			<wp:meta_key>_menu_item_url</wp:meta_key>
			<wp:meta_value><![CDATA[]]></wp:meta_value>
		</wp:postmeta>
	</item>
	<item>
		<title>Contact</title>
		<link>http://192.168.1.2/hotel/www2/?p=54</link>
		<pubDate>Fri, 20 Jul 2012 10:15:37 +0000</pubDate>
		<dc:creator>admin</dc:creator>
		<guid isPermaLink="false">http://192.168.1.2/hotel/www2/?p=54</guid>
		<description></description>
		<content:encoded><![CDATA[]]></content:encoded>
		<excerpt:encoded><![CDATA[]]></excerpt:encoded>
		<wp:post_id>54</wp:post_id>
		<wp:post_date>2012-07-20 10:15:37</wp:post_date>
		<wp:post_date_gmt>2012-07-20 10:15:37</wp:post_date_gmt>
		<wp:comment_status>open</wp:comment_status>
		<wp:ping_status>open</wp:ping_status>
		<wp:post_name>contact</wp:post_name>
		<wp:status>publish</wp:status>
		<wp:post_parent>0</wp:post_parent>
		<wp:menu_order>1</wp:menu_order>
		<wp:post_type>nav_menu_item</wp:post_type>
		<wp:post_password></wp:post_password>
		<wp:is_sticky>0</wp:is_sticky>
		<category domain="nav_menu" nicename="top-menu"><![CDATA[Top Menu]]></category>
		<wp:postmeta>
			<wp:meta_key>_menu_item_type</wp:meta_key>
			<wp:meta_value><![CDATA[custom]]></wp:meta_value>
		</wp:postmeta>
		<wp:postmeta>
			<wp:meta_key>_menu_item_menu_item_parent</wp:meta_key>
			<wp:meta_value><![CDATA[0]]></wp:meta_value>
		</wp:postmeta>
		<wp:postmeta>
			<wp:meta_key>_menu_item_object_id</wp:meta_key>
			<wp:meta_value><![CDATA[54]]></wp:meta_value>
		</wp:postmeta>
		<wp:postmeta>
			<wp:meta_key>_menu_item_object</wp:meta_key>
			<wp:meta_value><![CDATA[custom]]></wp:meta_value>
		</wp:postmeta>
		<wp:postmeta>
			<wp:meta_key>_menu_item_target</wp:meta_key>
			<wp:meta_value><![CDATA[]]></wp:meta_value>
		</wp:postmeta>
		<wp:postmeta>
			<wp:meta_key>_menu_item_classes</wp:meta_key>
			<wp:meta_value><![CDATA[a:1:{i:0;s:0:"";}]]></wp:meta_value>
		</wp:postmeta>
		<wp:postmeta>
			<wp:meta_key>_menu_item_xfn</wp:meta_key>
			<wp:meta_value><![CDATA[]]></wp:meta_value>
		</wp:postmeta>
		<wp:postmeta>
			<wp:meta_key>_menu_item_url</wp:meta_key>
			<wp:meta_value><![CDATA[http://#]]></wp:meta_value>
		</wp:postmeta>
	</item>
	<item>
		<title>Book</title>
		<link>http://192.168.1.2/hotel/www2/?p=55</link>
		<pubDate>Fri, 20 Jul 2012 10:15:37 +0000</pubDate>
		<dc:creator>admin</dc:creator>
		<guid isPermaLink="false">http://192.168.1.2/hotel/www2/?p=55</guid>
		<description></description>
		<content:encoded><![CDATA[]]></content:encoded>
		<excerpt:encoded><![CDATA[]]></excerpt:encoded>
		<wp:post_id>55</wp:post_id>
		<wp:post_date>2012-07-20 10:15:37</wp:post_date>
		<wp:post_date_gmt>2012-07-20 10:15:37</wp:post_date_gmt>
		<wp:comment_status>open</wp:comment_status>
		<wp:ping_status>open</wp:ping_status>
		<wp:post_name>book</wp:post_name>
		<wp:status>publish</wp:status>
		<wp:post_parent>0</wp:post_parent>
		<wp:menu_order>2</wp:menu_order>
		<wp:post_type>nav_menu_item</wp:post_type>
		<wp:post_password></wp:post_password>
		<wp:is_sticky>0</wp:is_sticky>
		<category domain="nav_menu" nicename="top-menu"><![CDATA[Top Menu]]></category>
		<wp:postmeta>
			<wp:meta_key>_menu_item_type</wp:meta_key>
			<wp:meta_value><![CDATA[custom]]></wp:meta_value>
		</wp:postmeta>
		<wp:postmeta>
			<wp:meta_key>_menu_item_menu_item_parent</wp:meta_key>
			<wp:meta_value><![CDATA[0]]></wp:meta_value>
		</wp:postmeta>
		<wp:postmeta>
			<wp:meta_key>_menu_item_object_id</wp:meta_key>
			<wp:meta_value><![CDATA[55]]></wp:meta_value>
		</wp:postmeta>
		<wp:postmeta>
			<wp:meta_key>_menu_item_object</wp:meta_key>
			<wp:meta_value><![CDATA[custom]]></wp:meta_value>
		</wp:postmeta>
		<wp:postmeta>
			<wp:meta_key>_menu_item_target</wp:meta_key>
			<wp:meta_value><![CDATA[]]></wp:meta_value>
		</wp:postmeta>
		<wp:postmeta>
			<wp:meta_key>_menu_item_classes</wp:meta_key>
			<wp:meta_value><![CDATA[a:1:{i:0;s:0:"";}]]></wp:meta_value>
		</wp:postmeta>
		<wp:postmeta>
			<wp:meta_key>_menu_item_xfn</wp:meta_key>
			<wp:meta_value><![CDATA[]]></wp:meta_value>
		</wp:postmeta>
		<wp:postmeta>
			<wp:meta_key>_menu_item_url</wp:meta_key>
			<wp:meta_value><![CDATA[#]]></wp:meta_value>
		</wp:postmeta>
	</item>
	<item>
		<title></title>
		<link>http://192.168.1.2/hotel/www2/?p=56</link>
		<pubDate>Fri, 20 Jul 2012 10:16:26 +0000</pubDate>
		<dc:creator>admin</dc:creator>
		<guid isPermaLink="false">http://192.168.1.2/hotel/www2/?p=56</guid>
		<description></description>
		<content:encoded><![CDATA[ ]]></content:encoded>
		<excerpt:encoded><![CDATA[]]></excerpt:encoded>
		<wp:post_id>56</wp:post_id>
		<wp:post_date>2012-07-20 10:16:26</wp:post_date>
		<wp:post_date_gmt>2012-07-20 10:16:26</wp:post_date_gmt>
		<wp:comment_status>open</wp:comment_status>
		<wp:ping_status>open</wp:ping_status>
		<wp:post_name>56</wp:post_name>
		<wp:status>publish</wp:status>
		<wp:post_parent>0</wp:post_parent>
		<wp:menu_order>3</wp:menu_order>
		<wp:post_type>nav_menu_item</wp:post_type>
		<wp:post_password></wp:post_password>
		<wp:is_sticky>0</wp:is_sticky>
		<category domain="nav_menu" nicename="footer-menu"><![CDATA[Footer Menu]]></category>
		<wp:postmeta>
			<wp:meta_key>_menu_item_type</wp:meta_key>
			<wp:meta_value><![CDATA[post_type]]></wp:meta_value>
		</wp:postmeta>
		<wp:postmeta>
			<wp:meta_key>_menu_item_menu_item_parent</wp:meta_key>
			<wp:meta_value><![CDATA[0]]></wp:meta_value>
		</wp:postmeta>
		<wp:postmeta>
			<wp:meta_key>_menu_item_object_id</wp:meta_key>
			<wp:meta_value><![CDATA[23]]></wp:meta_value>
		</wp:postmeta>
		<wp:postmeta>
			<wp:meta_key>_menu_item_object</wp:meta_key>
			<wp:meta_value><![CDATA[page]]></wp:meta_value>
		</wp:postmeta>
		<wp:postmeta>
			<wp:meta_key>_menu_item_target</wp:meta_key>
			<wp:meta_value><![CDATA[]]></wp:meta_value>
		</wp:postmeta>
		<wp:postmeta>
			<wp:meta_key>_menu_item_classes</wp:meta_key>
			<wp:meta_value><![CDATA[a:1:{i:0;s:0:"";}]]></wp:meta_value>
		</wp:postmeta>
		<wp:postmeta>
			<wp:meta_key>_menu_item_xfn</wp:meta_key>
			<wp:meta_value><![CDATA[]]></wp:meta_value>
		</wp:postmeta>
		<wp:postmeta>
			<wp:meta_key>_menu_item_url</wp:meta_key>
			<wp:meta_value><![CDATA[]]></wp:meta_value>
		</wp:postmeta>
	</item>
	<item>
		<title></title>
		<link>http://192.168.1.2/hotel/www2/?p=57</link>
		<pubDate>Fri, 20 Jul 2012 10:16:26 +0000</pubDate>
		<dc:creator>admin</dc:creator>
		<guid isPermaLink="false">http://192.168.1.2/hotel/www2/?p=57</guid>
		<description></description>
		<content:encoded><![CDATA[ ]]></content:encoded>
		<excerpt:encoded><![CDATA[]]></excerpt:encoded>
		<wp:post_id>57</wp:post_id>
		<wp:post_date>2012-07-20 10:16:26</wp:post_date>
		<wp:post_date_gmt>2012-07-20 10:16:26</wp:post_date_gmt>
		<wp:comment_status>open</wp:comment_status>
		<wp:ping_status>open</wp:ping_status>
		<wp:post_name>57</wp:post_name>
		<wp:status>publish</wp:status>
		<wp:post_parent>0</wp:post_parent>
		<wp:menu_order>2</wp:menu_order>
		<wp:post_type>nav_menu_item</wp:post_type>
		<wp:post_password></wp:post_password>
		<wp:is_sticky>0</wp:is_sticky>
		<category domain="nav_menu" nicename="footer-menu"><![CDATA[Footer Menu]]></category>
		<wp:postmeta>
			<wp:meta_key>_menu_item_type</wp:meta_key>
			<wp:meta_value><![CDATA[post_type]]></wp:meta_value>
		</wp:postmeta>
		<wp:postmeta>
			<wp:meta_key>_menu_item_menu_item_parent</wp:meta_key>
			<wp:meta_value><![CDATA[0]]></wp:meta_value>
		</wp:postmeta>
		<wp:postmeta>
			<wp:meta_key>_menu_item_object_id</wp:meta_key>
			<wp:meta_value><![CDATA[7]]></wp:meta_value>
		</wp:postmeta>
		<wp:postmeta>
			<wp:meta_key>_menu_item_object</wp:meta_key>
			<wp:meta_value><![CDATA[page]]></wp:meta_value>
		</wp:postmeta>
		<wp:postmeta>
			<wp:meta_key>_menu_item_target</wp:meta_key>
			<wp:meta_value><![CDATA[]]></wp:meta_value>
		</wp:postmeta>
		<wp:postmeta>
			<wp:meta_key>_menu_item_classes</wp:meta_key>
			<wp:meta_value><![CDATA[a:1:{i:0;s:0:"";}]]></wp:meta_value>
		</wp:postmeta>
		<wp:postmeta>
			<wp:meta_key>_menu_item_xfn</wp:meta_key>
			<wp:meta_value><![CDATA[]]></wp:meta_value>
		</wp:postmeta>
		<wp:postmeta>
			<wp:meta_key>_menu_item_url</wp:meta_key>
			<wp:meta_value><![CDATA[]]></wp:meta_value>
		</wp:postmeta>
	</item>
	<item>
		<title></title>
		<link>http://192.168.1.2/hotel/www2/?p=58</link>
		<pubDate>Fri, 20 Jul 2012 10:16:26 +0000</pubDate>
		<dc:creator>admin</dc:creator>
		<guid isPermaLink="false">http://192.168.1.2/hotel/www2/?p=58</guid>
		<description></description>
		<content:encoded><![CDATA[ ]]></content:encoded>
		<excerpt:encoded><![CDATA[]]></excerpt:encoded>
		<wp:post_id>58</wp:post_id>
		<wp:post_date>2012-07-20 10:16:26</wp:post_date>
		<wp:post_date_gmt>2012-07-20 10:16:26</wp:post_date_gmt>
		<wp:comment_status>open</wp:comment_status>
		<wp:ping_status>open</wp:ping_status>
		<wp:post_name>58</wp:post_name>
		<wp:status>publish</wp:status>
		<wp:post_parent>0</wp:post_parent>
		<wp:menu_order>1</wp:menu_order>
		<wp:post_type>nav_menu_item</wp:post_type>
		<wp:post_password></wp:post_password>
		<wp:is_sticky>0</wp:is_sticky>
		<category domain="nav_menu" nicename="footer-menu"><![CDATA[Footer Menu]]></category>
		<wp:postmeta>
			<wp:meta_key>_menu_item_type</wp:meta_key>
			<wp:meta_value><![CDATA[post_type]]></wp:meta_value>
		</wp:postmeta>
		<wp:postmeta>
			<wp:meta_key>_menu_item_menu_item_parent</wp:meta_key>
			<wp:meta_value><![CDATA[0]]></wp:meta_value>
		</wp:postmeta>
		<wp:postmeta>
			<wp:meta_key>_menu_item_object_id</wp:meta_key>
			<wp:meta_value><![CDATA[5]]></wp:meta_value>
		</wp:postmeta>
		<wp:postmeta>
			<wp:meta_key>_menu_item_object</wp:meta_key>
			<wp:meta_value><![CDATA[page]]></wp:meta_value>
		</wp:postmeta>
		<wp:postmeta>
			<wp:meta_key>_menu_item_target</wp:meta_key>
			<wp:meta_value><![CDATA[]]></wp:meta_value>
		</wp:postmeta>
		<wp:postmeta>
			<wp:meta_key>_menu_item_classes</wp:meta_key>
			<wp:meta_value><![CDATA[a:1:{i:0;s:0:"";}]]></wp:meta_value>
		</wp:postmeta>
		<wp:postmeta>
			<wp:meta_key>_menu_item_xfn</wp:meta_key>
			<wp:meta_value><![CDATA[]]></wp:meta_value>
		</wp:postmeta>
		<wp:postmeta>
			<wp:meta_key>_menu_item_url</wp:meta_key>
			<wp:meta_value><![CDATA[]]></wp:meta_value>
		</wp:postmeta>
	</item>
	<item>
		<title>Hello world!</title>
		<link>http://192.168.1.2/hotel/www2/?p=1</link>
		<pubDate>Fri, 20 Jul 2012 03:35:44 +0000</pubDate>
		<dc:creator>admin</dc:creator>
		<guid isPermaLink="false">http://192.168.1.2/hotel/www2/?p=1</guid>
		<description></description>
		<content:encoded><![CDATA[Welcome to WordPress. This is your first post. Edit or delete it, then start blogging!]]></content:encoded>
		<excerpt:encoded><![CDATA[]]></excerpt:encoded>
		<wp:post_id>1</wp:post_id>
		<wp:post_date>2012-07-20 03:35:44</wp:post_date>
		<wp:post_date_gmt>2012-07-20 03:35:44</wp:post_date_gmt>
		<wp:comment_status>open</wp:comment_status>
		<wp:ping_status>open</wp:ping_status>
		<wp:post_name>hello-world</wp:post_name>
		<wp:status>trash</wp:status>
		<wp:post_parent>0</wp:post_parent>
		<wp:menu_order>0</wp:menu_order>
		<wp:post_type>post</wp:post_type>
		<wp:post_password></wp:post_password>
		<wp:is_sticky>0</wp:is_sticky>
		<category domain="category" nicename="uncategorized"><![CDATA[Uncategorized]]></category>
		<wp:postmeta>
			<wp:meta_key>_wp_trash_meta_status</wp:meta_key>
			<wp:meta_value><![CDATA[publish]]></wp:meta_value>
		</wp:postmeta>
		<wp:postmeta>
			<wp:meta_key>_wp_trash_meta_time</wp:meta_key>
			<wp:meta_value><![CDATA[1342778766]]></wp:meta_value>
		</wp:postmeta>
		<wp:postmeta>
			<wp:meta_key>_wp_trash_meta_comments_status</wp:meta_key>
			<wp:meta_value><![CDATA[a:1:{i:1;s:1:"1";}]]></wp:meta_value>
		</wp:postmeta>
		<wp:comment>
			<wp:comment_id>1</wp:comment_id>
			<wp:comment_author><![CDATA[Mr WordPress]]></wp:comment_author>
			<wp:comment_author_email></wp:comment_author_email>
			<wp:comment_author_url>http://wordpress.org/</wp:comment_author_url>
			<wp:comment_author_IP></wp:comment_author_IP>
			<wp:comment_date>2012-07-20 03:35:44</wp:comment_date>
			<wp:comment_date_gmt>2012-07-20 03:35:44</wp:comment_date_gmt>
			<wp:comment_content><![CDATA[Hi, this is a comment.<br />To delete a comment, just log in and view the post&#039;s comments. There you will have the option to edit or delete them.]]></wp:comment_content>
			<wp:comment_approved>post-trashed</wp:comment_approved>
			<wp:comment_type></wp:comment_type>
			<wp:comment_parent>0</wp:comment_parent>
			<wp:comment_user_id>0</wp:comment_user_id>
		</wp:comment>
	</item>
	<item>
		<title>Sample Page</title>
		<link>http://192.168.1.2/hotel/www2/?page_id=2</link>
		<pubDate>Fri, 20 Jul 2012 03:35:44 +0000</pubDate>
		<dc:creator>admin</dc:creator>
		<guid isPermaLink="false">http://192.168.1.2/hotel/www2/?page_id=2</guid>
		<description></description>
		<content:encoded><![CDATA[This is an example page. It's different from a blog post because it will stay in one place and will show up in your site navigation (in most themes). Most people start with an About page that introduces them to potential site visitors. It might say something like this:

<blockquote>Hi there! I'm a bike messenger by day, aspiring actor by night, and this is my blog. I live in Los Angeles, have a great dog named Jack, and I like pi&#241;a coladas. (And gettin' caught in the rain.)</blockquote>

...or something like this:

<blockquote>The XYZ Doohickey Company was founded in 1971, and has been providing quality doohickies to the public ever since. Located in Gotham City, XYZ employs over 2,000 people and does all kinds of awesome things for the Gotham community.</blockquote>

As a new WordPress user, you should go to <a href="http://192.168.1.2/hotel/www2/wp-admin/">your dashboard</a> to delete this page and create new pages for your content. Have fun!]]></content:encoded>
		<excerpt:encoded><![CDATA[]]></excerpt:encoded>
		<wp:post_id>2</wp:post_id>
		<wp:post_date>2012-07-20 03:35:44</wp:post_date>
		<wp:post_date_gmt>2012-07-20 03:35:44</wp:post_date_gmt>
		<wp:comment_status>open</wp:comment_status>
		<wp:ping_status>open</wp:ping_status>
		<wp:post_name>sample-page</wp:post_name>
		<wp:status>trash</wp:status>
		<wp:post_parent>0</wp:post_parent>
		<wp:menu_order>0</wp:menu_order>
		<wp:post_type>page</wp:post_type>
		<wp:post_password></wp:post_password>
		<wp:is_sticky>0</wp:is_sticky>
		<wp:postmeta>
			<wp:meta_key>_wp_page_template</wp:meta_key>
			<wp:meta_value><![CDATA[default]]></wp:meta_value>
		</wp:postmeta>
		<wp:postmeta>
			<wp:meta_key>_wp_trash_meta_status</wp:meta_key>
			<wp:meta_value><![CDATA[publish]]></wp:meta_value>
		</wp:postmeta>
		<wp:postmeta>
			<wp:meta_key>_wp_trash_meta_time</wp:meta_key>
			<wp:meta_value><![CDATA[1342755375]]></wp:meta_value>
		</wp:postmeta>
	</item>
	<item>
		<title>Home</title>
		<link>http://192.168.1.2/hotel/www2/</link>
		<pubDate>Fri, 20 Jul 2012 03:39:32 +0000</pubDate>
		<dc:creator>admin</dc:creator>
		<guid isPermaLink="false">http://192.168.1.2/hotel/www2/?page_id=5</guid>
		<description></description>
		<content:encoded><![CDATA[]]></content:encoded>
		<excerpt:encoded><![CDATA[]]></excerpt:encoded>
		<wp:post_id>5</wp:post_id>
		<wp:post_date>2012-07-20 03:39:32</wp:post_date>
		<wp:post_date_gmt>2012-07-20 03:39:32</wp:post_date_gmt>
		<wp:comment_status>open</wp:comment_status>
		<wp:ping_status>open</wp:ping_status>
		<wp:post_name>home</wp:post_name>
		<wp:status>publish</wp:status>
		<wp:post_parent>0</wp:post_parent>
		<wp:menu_order>0</wp:menu_order>
		<wp:post_type>page</wp:post_type>
		<wp:post_password></wp:post_password>
		<wp:is_sticky>0</wp:is_sticky>
		<wp:postmeta>
			<wp:meta_key>_edit_last</wp:meta_key>
			<wp:meta_value><![CDATA[1]]></wp:meta_value>
		</wp:postmeta>
		<wp:postmeta>
			<wp:meta_key>_wp_page_template</wp:meta_key>
			<wp:meta_value><![CDATA[template-homepage.php]]></wp:meta_value>
		</wp:postmeta>
	</item>
	<item>
		<title>Accommodation</title>
		<link>http://192.168.1.2/hotel/www2/?page_id=7</link>
		<pubDate>Fri, 20 Jul 2012 03:40:02 +0000</pubDate>
		<dc:creator>admin</dc:creator>
		<guid isPermaLink="false">http://192.168.1.2/hotel/www2/?page_id=7</guid>
		<description></description>
		<content:encoded><![CDATA[]]></content:encoded>
		<excerpt:encoded><![CDATA[]]></excerpt:encoded>
		<wp:post_id>7</wp:post_id>
		<wp:post_date>2012-07-20 03:40:02</wp:post_date>
		<wp:post_date_gmt>2012-07-20 03:40:02</wp:post_date_gmt>
		<wp:comment_status>open</wp:comment_status>
		<wp:ping_status>open</wp:ping_status>
		<wp:post_name>accommodation</wp:post_name>
		<wp:status>publish</wp:status>
		<wp:post_parent>0</wp:post_parent>
		<wp:menu_order>0</wp:menu_order>
		<wp:post_type>page</wp:post_type>
		<wp:post_password></wp:post_password>
		<wp:is_sticky>0</wp:is_sticky>
		<wp:postmeta>
			<wp:meta_key>_edit_last</wp:meta_key>
			<wp:meta_value><![CDATA[1]]></wp:meta_value>
		</wp:postmeta>
		<wp:postmeta>
			<wp:meta_key>_wp_page_template</wp:meta_key>
			<wp:meta_value><![CDATA[template-accommodation.php]]></wp:meta_value>
		</wp:postmeta>
	</item>
	<item>
		<title>Events</title>
		<link>http://192.168.1.2/hotel/www2/?page_id=21</link>
		<pubDate>Fri, 20 Jul 2012 04:16:42 +0000</pubDate>
		<dc:creator>admin</dc:creator>
		<guid isPermaLink="false">http://192.168.1.2/hotel/www2/?page_id=21</guid>
		<description></description>
		<content:encoded><![CDATA[]]></content:encoded>
		<excerpt:encoded><![CDATA[]]></excerpt:encoded>
		<wp:post_id>21</wp:post_id>
		<wp:post_date>2012-07-20 04:16:42</wp:post_date>
		<wp:post_date_gmt>2012-07-20 04:16:42</wp:post_date_gmt>
		<wp:comment_status>open</wp:comment_status>
		<wp:ping_status>open</wp:ping_status>
		<wp:post_name>events</wp:post_name>
		<wp:status>publish</wp:status>
		<wp:post_parent>0</wp:post_parent>
		<wp:menu_order>0</wp:menu_order>
		<wp:post_type>page</wp:post_type>
		<wp:post_password></wp:post_password>
		<wp:is_sticky>0</wp:is_sticky>
		<wp:postmeta>
			<wp:meta_key>_edit_last</wp:meta_key>
			<wp:meta_value><![CDATA[1]]></wp:meta_value>
		</wp:postmeta>
		<wp:postmeta>
			<wp:meta_key>_wp_page_template</wp:meta_key>
			<wp:meta_value><![CDATA[template-events.php]]></wp:meta_value>
		</wp:postmeta>
	</item>
	<item>
		<title>Contact</title>
		<link>http://192.168.1.2/hotel/www2/?page_id=23</link>
		<pubDate>Fri, 20 Jul 2012 04:16:52 +0000</pubDate>
		<dc:creator>admin</dc:creator>
		<guid isPermaLink="false">http://192.168.1.2/hotel/www2/?page_id=23</guid>
		<description></description>
		<content:encoded><![CDATA[Lorem ipsum dolor sit amet, consectetur adipiscing elit. Cras fringilla quam quis neque blandit nec adipiscing lectus vehicula. Ut sit amet elit ac massa hendrerit euismod id eget sem. Aenean lobortis lacus quis ipsum lobortis sagittis.]]></content:encoded>
		<excerpt:encoded><![CDATA[]]></excerpt:encoded>
		<wp:post_id>23</wp:post_id>
		<wp:post_date>2012-07-20 04:16:52</wp:post_date>
		<wp:post_date_gmt>2012-07-20 04:16:52</wp:post_date_gmt>
		<wp:comment_status>open</wp:comment_status>
		<wp:ping_status>open</wp:ping_status>
		<wp:post_name>contact</wp:post_name>
		<wp:status>publish</wp:status>
		<wp:post_parent>0</wp:post_parent>
		<wp:menu_order>0</wp:menu_order>
		<wp:post_type>page</wp:post_type>
		<wp:post_password></wp:post_password>
		<wp:is_sticky>0</wp:is_sticky>
		<wp:postmeta>
			<wp:meta_key>_edit_last</wp:meta_key>
			<wp:meta_value><![CDATA[1]]></wp:meta_value>
		</wp:postmeta>
		<wp:postmeta>
			<wp:meta_key>_wp_page_template</wp:meta_key>
			<wp:meta_value><![CDATA[template-contact.php]]></wp:meta_value>
		</wp:postmeta>
	</item>
	<item>
		<title>Blog</title>
		<link>http://192.168.1.2/hotel/www2/?page_id=33</link>
		<pubDate>Fri, 20 Jul 2012 10:02:24 +0000</pubDate>
		<dc:creator>admin</dc:creator>
		<guid isPermaLink="false">http://192.168.1.2/hotel/www2/?page_id=33</guid>
		<description></description>
		<content:encoded><![CDATA[]]></content:encoded>
		<excerpt:encoded><![CDATA[]]></excerpt:encoded>
		<wp:post_id>33</wp:post_id>
		<wp:post_date>2012-07-20 10:02:24</wp:post_date>
		<wp:post_date_gmt>2012-07-20 10:02:24</wp:post_date_gmt>
		<wp:comment_status>open</wp:comment_status>
		<wp:ping_status>open</wp:ping_status>
		<wp:post_name>blog</wp:post_name>
		<wp:status>publish</wp:status>
		<wp:post_parent>0</wp:post_parent>
		<wp:menu_order>0</wp:menu_order>
		<wp:post_type>page</wp:post_type>
		<wp:post_password></wp:post_password>
		<wp:is_sticky>0</wp:is_sticky>
		<wp:postmeta>
			<wp:meta_key>_edit_last</wp:meta_key>
			<wp:meta_value><![CDATA[1]]></wp:meta_value>
		</wp:postmeta>
		<wp:postmeta>
			<wp:meta_key>_wp_page_template</wp:meta_key>
			<wp:meta_value><![CDATA[template-blog.php]]></wp:meta_value>
		</wp:postmeta>
	</item>
	<item>
		<title>Testimonials</title>
		<link>http://192.168.1.2/hotel/www2/?page_id=35</link>
		<pubDate>Fri, 20 Jul 2012 10:02:45 +0000</pubDate>
		<dc:creator>admin</dc:creator>
		<guid isPermaLink="false">http://192.168.1.2/hotel/www2/?page_id=35</guid>
		<description></description>
		<content:encoded><![CDATA[]]></content:encoded>
		<excerpt:encoded><![CDATA[]]></excerpt:encoded>
		<wp:post_id>35</wp:post_id>
		<wp:post_date>2012-07-20 10:02:45</wp:post_date>
		<wp:post_date_gmt>2012-07-20 10:02:45</wp:post_date_gmt>
		<wp:comment_status>open</wp:comment_status>
		<wp:ping_status>open</wp:ping_status>
		<wp:post_name>testimonials</wp:post_name>
		<wp:status>publish</wp:status>
		<wp:post_parent>0</wp:post_parent>
		<wp:menu_order>0</wp:menu_order>
		<wp:post_type>page</wp:post_type>
		<wp:post_password></wp:post_password>
		<wp:is_sticky>0</wp:is_sticky>
		<wp:postmeta>
			<wp:meta_key>_edit_last</wp:meta_key>
			<wp:meta_value><![CDATA[1]]></wp:meta_value>
		</wp:postmeta>
		<wp:postmeta>
			<wp:meta_key>_wp_page_template</wp:meta_key>
			<wp:meta_value><![CDATA[template-testimonials.php]]></wp:meta_value>
		</wp:postmeta>
	</item>
	<item>
		<title>Dasellus ac nibh urna donecac urna</title>
		<link>http://192.168.1.2/hotel/www2/?p=39</link>
		<pubDate>Fri, 20 Jul 2012 10:04:36 +0000</pubDate>
		<dc:creator>admin</dc:creator>
		<guid isPermaLink="false">http://192.168.1.2/hotel/www2/?p=39</guid>
		<description></description>
		<content:encoded><![CDATA[Lorem ipsum dolor sit amet, consectetur adipiscing elit. Donec nunc mi, ultricies eget aliquet interdum, dapibus in arcu. Praesent facilisis congue nulla vitae semper. Aenean vel euismod nibh. Morbi euismod, elit ut ornare varius, ipsum nisi tristique nisi, at volutpat odio leo sit amet justo. Nulla facilisi. Donec sed elit neque. Curabitur a nisi nunc. Cras fermentum auctor vulputate.

Ut malesuada libero ut nisl auctor scelerisque. Suspendisse mauris augue, scelerisque a cursus et, fringilla in ante. Aenean at quam nec purus tincidunt ultricies. Cras blandit, turpis vitae venenatis facilisis, nunc nisi condimentum odio, id sodales ligula lectus vel sem. Aenean eget arcu ipsum, nec consequat erat. Nullam pellentesque venenatis commodo. Cras dignissim hendrerit purus, sit amet tempus nisi viverra sollicitudin. Ut auctor orci lectus, non semper tortor. Pellentesque aliquam pellentesque purus, id consectetur ligula auctor in.

Lorem ipsum dolor sit amet, consectetur adipiscing elit. Pellentesque id nisl eu sem malesuada viverra. Aenean facilisis erat id risus condimentum ut imperdiet diam ultricies. Nulla lacus libero, euismod id vehicula sed, ultricies feugiat lorem. Nam sit amet justo metus. Maecenas commodo augue nec velit blandit ultrices. Nullam at erat non lorem porta feugiat nec id lorem. Suspendisse potenti. Mauris cursus sagittis nisl ut consequat. Donec lobortis sodales augue, ut bibendum felis faucibus vitae. Donec vel odio massa.

Duis id dui diam. Aenean a justo est. Praesent pharetra metus eget risus vehicula eleifend. Mauris accumsan fringilla nisi, nec molestie nibh facilisis in. Aenean convallis interdum lectus vitae sagittis. Integer quis volutpat felis. Cras leo orci, dignissim ac rutrum vitae, porttitor et leo. Etiam ut quam non dui condimentum volutpat ac at lectus. Duis ut mauris ut lacus tincidunt viverra. Morbi ornare tellus vitae velit molestie ullamcorper. Mauris sodales congue est, nec tristique nulla vulputate eu. Aliquam at nulla ut diam scelerisque dictum eu sit amet lectus. Nam viverra scelerisque nisl ac feugiat.]]></content:encoded>
		<excerpt:encoded><![CDATA[]]></excerpt:encoded>
		<wp:post_id>39</wp:post_id>
		<wp:post_date>2012-07-20 10:04:36</wp:post_date>
		<wp:post_date_gmt>2012-07-20 10:04:36</wp:post_date_gmt>
		<wp:comment_status>open</wp:comment_status>
		<wp:ping_status>open</wp:ping_status>
		<wp:post_name>dasellus-ac-nibh-urna-donecac-urna</wp:post_name>
		<wp:status>publish</wp:status>
		<wp:post_parent>0</wp:post_parent>
		<wp:menu_order>0</wp:menu_order>
		<wp:post_type>post</wp:post_type>
		<wp:post_password></wp:post_password>
		<wp:is_sticky>0</wp:is_sticky>
		<category domain="category" nicename="category-1"><![CDATA[Category #1]]></category>
		<category domain="category" nicename="category-2"><![CDATA[Category #2]]></category>
		<category domain="category" nicename="category-3"><![CDATA[Category #3]]></category>
		<category domain="post_tag" nicename="tag-1"><![CDATA[Tag #1]]></category>
		<category domain="post_tag" nicename="tag-2"><![CDATA[Tag #2]]></category>
		<category domain="post_tag" nicename="tag3"><![CDATA[Tag#3]]></category>
		<wp:postmeta>
			<wp:meta_key>_edit_last</wp:meta_key>
			<wp:meta_value><![CDATA[1]]></wp:meta_value>
		</wp:postmeta>
	</item>
	<item>
		<title>Dasellus ac nibh urna donecac urna</title>
		<link>http://192.168.1.2/hotel/www2/?p=41</link>
		<pubDate>Fri, 20 Jul 2012 10:05:24 +0000</pubDate>
		<dc:creator>admin</dc:creator>
		<guid isPermaLink="false">http://192.168.1.2/hotel/www2/?p=41</guid>
		<description></description>
		<content:encoded><![CDATA[Lorem ipsum dolor sit amet, consectetur adipiscing elit. Donec nunc mi, ultricies eget aliquet interdum, dapibus in arcu. Praesent facilisis congue nulla vitae semper. Aenean vel euismod nibh. Morbi euismod, elit ut ornare varius, ipsum nisi tristique nisi, at volutpat odio leo sit amet justo. Nulla facilisi. Donec sed elit neque. Curabitur a nisi nunc. Cras fermentum auctor vulputate.

Ut malesuada libero ut nisl auctor scelerisque. Suspendisse mauris augue, scelerisque a cursus et, fringilla in ante. Aenean at quam nec purus tincidunt ultricies. Cras blandit, turpis vitae venenatis facilisis, nunc nisi condimentum odio, id sodales ligula lectus vel sem. Aenean eget arcu ipsum, nec consequat erat. Nullam pellentesque venenatis commodo. Cras dignissim hendrerit purus, sit amet tempus nisi viverra sollicitudin. Ut auctor orci lectus, non semper tortor. Pellentesque aliquam pellentesque purus, id consectetur ligula auctor in.

Lorem ipsum dolor sit amet, consectetur adipiscing elit. Pellentesque id nisl eu sem malesuada viverra. Aenean facilisis erat id risus condimentum ut imperdiet diam ultricies. Nulla lacus libero, euismod id vehicula sed, ultricies feugiat lorem. Nam sit amet justo metus. Maecenas commodo augue nec velit blandit ultrices. Nullam at erat non lorem porta feugiat nec id lorem. Suspendisse potenti. Mauris cursus sagittis nisl ut consequat. Donec lobortis sodales augue, ut bibendum felis faucibus vitae. Donec vel odio massa.

Duis id dui diam. Aenean a justo est. Praesent pharetra metus eget risus vehicula eleifend. Mauris accumsan fringilla nisi, nec molestie nibh facilisis in. Aenean convallis interdum lectus vitae sagittis. Integer quis volutpat felis. Cras leo orci, dignissim ac rutrum vitae, porttitor et leo. Etiam ut quam non dui condimentum volutpat ac at lectus. Duis ut mauris ut lacus tincidunt viverra. Morbi ornare tellus vitae velit molestie ullamcorper. Mauris sodales congue est, nec tristique nulla vulputate eu. Aliquam at nulla ut diam scelerisque dictum eu sit amet lectus. Nam viverra scelerisque nisl ac feugiat.]]></content:encoded>
		<excerpt:encoded><![CDATA[]]></excerpt:encoded>
		<wp:post_id>41</wp:post_id>
		<wp:post_date>2012-07-20 10:05:24</wp:post_date>
		<wp:post_date_gmt>2012-07-20 10:05:24</wp:post_date_gmt>
		<wp:comment_status>open</wp:comment_status>
		<wp:ping_status>open</wp:ping_status>
		<wp:post_name>dasellus-ac-nibh-urna-donecac-urna-2</wp:post_name>
		<wp:status>publish</wp:status>
		<wp:post_parent>0</wp:post_parent>
		<wp:menu_order>0</wp:menu_order>
		<wp:post_type>post</wp:post_type>
		<wp:post_password></wp:post_password>
		<wp:is_sticky>0</wp:is_sticky>
		<category domain="category" nicename="category-4"><![CDATA[Category #4]]></category>
		<category domain="post_tag" nicename="tag-4"><![CDATA[Tag #4]]></category>
		<category domain="post_tag" nicename="tag-5"><![CDATA[Tag #5]]></category>
		<wp:postmeta>
			<wp:meta_key>_edit_last</wp:meta_key>
			<wp:meta_value><![CDATA[1]]></wp:meta_value>
		</wp:postmeta>
	</item>
	<item>
		<title>Dasellus ac nibh urna donecac urna</title>
		<link>http://192.168.1.2/hotel/www2/?p=43</link>
		<pubDate>Fri, 20 Jul 2012 10:05:56 +0000</pubDate>
		<dc:creator>admin</dc:creator>
		<guid isPermaLink="false">http://192.168.1.2/hotel/www2/?p=43</guid>
		<description></description>
		<content:encoded><![CDATA[Lorem ipsum dolor sit amet, consectetur adipiscing elit. Donec nunc mi, ultricies eget aliquet interdum, dapibus in arcu. Praesent facilisis congue nulla vitae semper. Aenean vel euismod nibh. Morbi euismod, elit ut ornare varius, ipsum nisi tristique nisi, at volutpat odio leo sit amet justo. Nulla facilisi. Donec sed elit neque. Curabitur a nisi nunc. Cras fermentum auctor vulputate.

Ut malesuada libero ut nisl auctor scelerisque. Suspendisse mauris augue, scelerisque a cursus et, fringilla in ante. Aenean at quam nec purus tincidunt ultricies. Cras blandit, turpis vitae venenatis facilisis, nunc nisi condimentum odio, id sodales ligula lectus vel sem. Aenean eget arcu ipsum, nec consequat erat. Nullam pellentesque venenatis commodo. Cras dignissim hendrerit purus, sit amet tempus nisi viverra sollicitudin. Ut auctor orci lectus, non semper tortor. Pellentesque aliquam pellentesque purus, id consectetur ligula auctor in.

Lorem ipsum dolor sit amet, consectetur adipiscing elit. Pellentesque id nisl eu sem malesuada viverra. Aenean facilisis erat id risus condimentum ut imperdiet diam ultricies. Nulla lacus libero, euismod id vehicula sed, ultricies feugiat lorem. Nam sit amet justo metus. Maecenas commodo augue nec velit blandit ultrices. Nullam at erat non lorem porta feugiat nec id lorem. Suspendisse potenti. Mauris cursus sagittis nisl ut consequat. Donec lobortis sodales augue, ut bibendum felis faucibus vitae. Donec vel odio massa.

Duis id dui diam. Aenean a justo est. Praesent pharetra metus eget risus vehicula eleifend. Mauris accumsan fringilla nisi, nec molestie nibh facilisis in. Aenean convallis interdum lectus vitae sagittis. Integer quis volutpat felis. Cras leo orci, dignissim ac rutrum vitae, porttitor et leo. Etiam ut quam non dui condimentum volutpat ac at lectus. Duis ut mauris ut lacus tincidunt viverra. Morbi ornare tellus vitae velit molestie ullamcorper. Mauris sodales congue est, nec tristique nulla vulputate eu. Aliquam at nulla ut diam scelerisque dictum eu sit amet lectus. Nam viverra scelerisque nisl ac feugiat.]]></content:encoded>
		<excerpt:encoded><![CDATA[]]></excerpt:encoded>
		<wp:post_id>43</wp:post_id>
		<wp:post_date>2012-07-20 10:05:56</wp:post_date>
		<wp:post_date_gmt>2012-07-20 10:05:56</wp:post_date_gmt>
		<wp:comment_status>open</wp:comment_status>
		<wp:ping_status>open</wp:ping_status>
		<wp:post_name>dasellus-ac-nibh-urna-donecac-urna-3</wp:post_name>
		<wp:status>publish</wp:status>
		<wp:post_parent>0</wp:post_parent>
		<wp:menu_order>0</wp:menu_order>
		<wp:post_type>post</wp:post_type>
		<wp:post_password></wp:post_password>
		<wp:is_sticky>0</wp:is_sticky>
		<category domain="category" nicename="category-5"><![CDATA[Category #5]]></category>
		<category domain="category" nicename="category-6"><![CDATA[Category #6]]></category>
		<category domain="post_tag" nicename="tag-6"><![CDATA[Tag #6]]></category>
		<wp:postmeta>
			<wp:meta_key>_edit_last</wp:meta_key>
			<wp:meta_value><![CDATA[1]]></wp:meta_value>
		</wp:postmeta>
	</item>
	<item>
		<title>Testimonial #1</title>
		<link>http://192.168.1.2/hotel/www2/?testimonial=testimonial-1</link>
		<pubDate>Fri, 20 Jul 2012 10:06:59 +0000</pubDate>
		<dc:creator>admin</dc:creator>
		<guid isPermaLink="false">http://192.168.1.2/hotel/www2/?post_type=testimonial&#038;p=47</guid>
		<description></description>
		<content:encoded><![CDATA[“If you’re looking for a top quality hotel look no further. We were upgraded free of charge to the Premium Suite, thanks so much”]]></content:encoded>
		<excerpt:encoded><![CDATA[]]></excerpt:encoded>
		<wp:post_id>47</wp:post_id>
		<wp:post_date>2012-07-20 10:06:59</wp:post_date>
		<wp:post_date_gmt>2012-07-20 10:06:59</wp:post_date_gmt>
		<wp:comment_status>closed</wp:comment_status>
		<wp:ping_status>closed</wp:ping_status>
		<wp:post_name>testimonial-1</wp:post_name>
		<wp:status>publish</wp:status>
		<wp:post_parent>0</wp:post_parent>
		<wp:menu_order>0</wp:menu_order>
		<wp:post_type>testimonial</wp:post_type>
		<wp:post_password></wp:post_password>
		<wp:is_sticky>0</wp:is_sticky>
		<wp:postmeta>
			<wp:meta_key>_edit_last</wp:meta_key>
			<wp:meta_value><![CDATA[1]]></wp:meta_value>
		</wp:postmeta>
		<wp:postmeta>
			<wp:meta_key>qns_testimonial_guest</wp:meta_key>
			<wp:meta_value><![CDATA[Dave Jones]]></wp:meta_value>
		</wp:postmeta>
		<wp:postmeta>
			<wp:meta_key>qns_testimonial_room</wp:meta_key>
			<wp:meta_value><![CDATA[Premium Suite]]></wp:meta_value>
		</wp:postmeta>
	</item>
	<item>
		<title>Testimonial #2</title>
		<link>http://192.168.1.2/hotel/www2/?testimonial=testimonial-2</link>
		<pubDate>Fri, 20 Jul 2012 10:07:27 +0000</pubDate>
		<dc:creator>admin</dc:creator>
		<guid isPermaLink="false">http://192.168.1.2/hotel/www2/?post_type=testimonial&#038;p=48</guid>
		<description></description>
		<content:encoded><![CDATA[“Me and my wife had a delightful weekend get away here, the staff were so friendly and attentive. Highly Recommended”]]></content:encoded>
		<excerpt:encoded><![CDATA[]]></excerpt:encoded>
		<wp:post_id>48</wp:post_id>
		<wp:post_date>2012-07-20 10:07:27</wp:post_date>
		<wp:post_date_gmt>2012-07-20 10:07:27</wp:post_date_gmt>
		<wp:comment_status>closed</wp:comment_status>
		<wp:ping_status>closed</wp:ping_status>
		<wp:post_name>testimonial-2</wp:post_name>
		<wp:status>publish</wp:status>
		<wp:post_parent>0</wp:post_parent>
		<wp:menu_order>0</wp:menu_order>
		<wp:post_type>testimonial</wp:post_type>
		<wp:post_password></wp:post_password>
		<wp:is_sticky>0</wp:is_sticky>
		<wp:postmeta>
			<wp:meta_key>_edit_last</wp:meta_key>
			<wp:meta_value><![CDATA[1]]></wp:meta_value>
		</wp:postmeta>
		<wp:postmeta>
			<wp:meta_key>qns_testimonial_guest</wp:meta_key>
			<wp:meta_value><![CDATA[John Smith]]></wp:meta_value>
		</wp:postmeta>
		<wp:postmeta>
			<wp:meta_key>qns_testimonial_room</wp:meta_key>
			<wp:meta_value><![CDATA[Double Deluxe Room]]></wp:meta_value>
		</wp:postmeta>
	</item>
	<item>
		<title>Testimonial #3</title>
		<link>http://192.168.1.2/hotel/www2/?testimonial=testimonial-3</link>
		<pubDate>Fri, 20 Jul 2012 10:07:49 +0000</pubDate>
		<dc:creator>admin</dc:creator>
		<guid isPermaLink="false">http://192.168.1.2/hotel/www2/?post_type=testimonial&#038;p=49</guid>
		<description></description>
		<content:encoded><![CDATA[“If you’re looking for a top quality hotel look no further. We were upgraded free of charge to the Premium Suite, thanks so much”]]></content:encoded>
		<excerpt:encoded><![CDATA[]]></excerpt:encoded>
		<wp:post_id>49</wp:post_id>
		<wp:post_date>2012-07-20 10:07:49</wp:post_date>
		<wp:post_date_gmt>2012-07-20 10:07:49</wp:post_date_gmt>
		<wp:comment_status>closed</wp:comment_status>
		<wp:ping_status>closed</wp:ping_status>
		<wp:post_name>testimonial-3</wp:post_name>
		<wp:status>publish</wp:status>
		<wp:post_parent>0</wp:post_parent>
		<wp:menu_order>0</wp:menu_order>
		<wp:post_type>testimonial</wp:post_type>
		<wp:post_password></wp:post_password>
		<wp:is_sticky>0</wp:is_sticky>
		<wp:postmeta>
			<wp:meta_key>_edit_last</wp:meta_key>
			<wp:meta_value><![CDATA[1]]></wp:meta_value>
		</wp:postmeta>
		<wp:postmeta>
			<wp:meta_key>qns_testimonial_guest</wp:meta_key>
			<wp:meta_value><![CDATA[Lisa Smith]]></wp:meta_value>
		</wp:postmeta>
		<wp:postmeta>
			<wp:meta_key>qns_testimonial_room</wp:meta_key>
			<wp:meta_value><![CDATA[Premium Suite]]></wp:meta_value>
		</wp:postmeta>
	</item>
	<item>
		<title>Booking</title>
		<link>http://192.168.1.2/hotel/www2/?page_id=51</link>
		<pubDate>Fri, 20 Jul 2012 10:08:30 +0000</pubDate>
		<dc:creator>admin</dc:creator>
		<guid isPermaLink="false">http://192.168.1.2/hotel/www2/?page_id=51</guid>
		<description></description>
		<content:encoded><![CDATA[]]></content:encoded>
		<excerpt:encoded><![CDATA[]]></excerpt:encoded>
		<wp:post_id>51</wp:post_id>
		<wp:post_date>2012-07-20 10:08:30</wp:post_date>
		<wp:post_date_gmt>2012-07-20 10:08:30</wp:post_date_gmt>
		<wp:comment_status>open</wp:comment_status>
		<wp:ping_status>open</wp:ping_status>
		<wp:post_name>booking</wp:post_name>
		<wp:status>publish</wp:status>
		<wp:post_parent>0</wp:post_parent>
		<wp:menu_order>0</wp:menu_order>
		<wp:post_type>page</wp:post_type>
		<wp:post_password></wp:post_password>
		<wp:is_sticky>0</wp:is_sticky>
		<wp:postmeta>
			<wp:meta_key>_edit_last</wp:meta_key>
			<wp:meta_value><![CDATA[1]]></wp:meta_value>
		</wp:postmeta>
		<wp:postmeta>
			<wp:meta_key>_wp_page_template</wp:meta_key>
			<wp:meta_value><![CDATA[template-booking.php]]></wp:meta_value>
		</wp:postmeta>
	</item>
	<item>
		<title></title>
		<link>http://192.168.1.2/hotel/www2/?p=59</link>
		<pubDate>Fri, 20 Jul 2012 10:17:55 +0000</pubDate>
		<dc:creator>admin</dc:creator>
		<guid isPermaLink="false">http://192.168.1.2/hotel/www2/?p=59</guid>
		<description></description>
		<content:encoded><![CDATA[ ]]></content:encoded>
		<excerpt:encoded><![CDATA[]]></excerpt:encoded>
		<wp:post_id>59</wp:post_id>
		<wp:post_date>2012-07-20 10:17:55</wp:post_date>
		<wp:post_date_gmt>2012-07-20 10:17:55</wp:post_date_gmt>
		<wp:comment_status>open</wp:comment_status>
		<wp:ping_status>open</wp:ping_status>
		<wp:post_name>59</wp:post_name>
		<wp:status>publish</wp:status>
		<wp:post_parent>0</wp:post_parent>
		<wp:menu_order>4</wp:menu_order>
		<wp:post_type>nav_menu_item</wp:post_type>
		<wp:post_password></wp:post_password>
		<wp:is_sticky>0</wp:is_sticky>
		<category domain="nav_menu" nicename="site-map"><![CDATA[Site Map]]></category>
		<wp:postmeta>
			<wp:meta_key>_menu_item_type</wp:meta_key>
			<wp:meta_value><![CDATA[post_type]]></wp:meta_value>
		</wp:postmeta>
		<wp:postmeta>
			<wp:meta_key>_menu_item_menu_item_parent</wp:meta_key>
			<wp:meta_value><![CDATA[0]]></wp:meta_value>
		</wp:postmeta>
		<wp:postmeta>
			<wp:meta_key>_menu_item_object_id</wp:meta_key>
			<wp:meta_value><![CDATA[35]]></wp:meta_value>
		</wp:postmeta>
		<wp:postmeta>
			<wp:meta_key>_menu_item_object</wp:meta_key>
			<wp:meta_value><![CDATA[page]]></wp:meta_value>
		</wp:postmeta>
		<wp:postmeta>
			<wp:meta_key>_menu_item_target</wp:meta_key>
			<wp:meta_value><![CDATA[]]></wp:meta_value>
		</wp:postmeta>
		<wp:postmeta>
			<wp:meta_key>_menu_item_classes</wp:meta_key>
			<wp:meta_value><![CDATA[a:1:{i:0;s:0:"";}]]></wp:meta_value>
		</wp:postmeta>
		<wp:postmeta>
			<wp:meta_key>_menu_item_xfn</wp:meta_key>
			<wp:meta_value><![CDATA[]]></wp:meta_value>
		</wp:postmeta>
		<wp:postmeta>
			<wp:meta_key>_menu_item_url</wp:meta_key>
			<wp:meta_value><![CDATA[]]></wp:meta_value>
		</wp:postmeta>
	</item>
	<item>
		<title></title>
		<link>http://192.168.1.2/hotel/www2/?p=60</link>
		<pubDate>Fri, 20 Jul 2012 10:17:55 +0000</pubDate>
		<dc:creator>admin</dc:creator>
		<guid isPermaLink="false">http://192.168.1.2/hotel/www2/?p=60</guid>
		<description></description>
		<content:encoded><![CDATA[ ]]></content:encoded>
		<excerpt:encoded><![CDATA[]]></excerpt:encoded>
		<wp:post_id>60</wp:post_id>
		<wp:post_date>2012-07-20 10:17:55</wp:post_date>
		<wp:post_date_gmt>2012-07-20 10:17:55</wp:post_date_gmt>
		<wp:comment_status>open</wp:comment_status>
		<wp:ping_status>open</wp:ping_status>
		<wp:post_name>60</wp:post_name>
		<wp:status>publish</wp:status>
		<wp:post_parent>0</wp:post_parent>
		<wp:menu_order>3</wp:menu_order>
		<wp:post_type>nav_menu_item</wp:post_type>
		<wp:post_password></wp:post_password>
		<wp:is_sticky>0</wp:is_sticky>
		<category domain="nav_menu" nicename="site-map"><![CDATA[Site Map]]></category>
		<wp:postmeta>
			<wp:meta_key>_menu_item_type</wp:meta_key>
			<wp:meta_value><![CDATA[post_type]]></wp:meta_value>
		</wp:postmeta>
		<wp:postmeta>
			<wp:meta_key>_menu_item_menu_item_parent</wp:meta_key>
			<wp:meta_value><![CDATA[0]]></wp:meta_value>
		</wp:postmeta>
		<wp:postmeta>
			<wp:meta_key>_menu_item_object_id</wp:meta_key>
			<wp:meta_value><![CDATA[33]]></wp:meta_value>
		</wp:postmeta>
		<wp:postmeta>
			<wp:meta_key>_menu_item_object</wp:meta_key>
			<wp:meta_value><![CDATA[page]]></wp:meta_value>
		</wp:postmeta>
		<wp:postmeta>
			<wp:meta_key>_menu_item_target</wp:meta_key>
			<wp:meta_value><![CDATA[]]></wp:meta_value>
		</wp:postmeta>
		<wp:postmeta>
			<wp:meta_key>_menu_item_classes</wp:meta_key>
			<wp:meta_value><![CDATA[a:1:{i:0;s:0:"";}]]></wp:meta_value>
		</wp:postmeta>
		<wp:postmeta>
			<wp:meta_key>_menu_item_xfn</wp:meta_key>
			<wp:meta_value><![CDATA[]]></wp:meta_value>
		</wp:postmeta>
		<wp:postmeta>
			<wp:meta_key>_menu_item_url</wp:meta_key>
			<wp:meta_value><![CDATA[]]></wp:meta_value>
		</wp:postmeta>
	</item>
	<item>
		<title></title>
		<link>http://192.168.1.2/hotel/www2/?p=61</link>
		<pubDate>Fri, 20 Jul 2012 10:17:55 +0000</pubDate>
		<dc:creator>admin</dc:creator>
		<guid isPermaLink="false">http://192.168.1.2/hotel/www2/?p=61</guid>
		<description></description>
		<content:encoded><![CDATA[ ]]></content:encoded>
		<excerpt:encoded><![CDATA[]]></excerpt:encoded>
		<wp:post_id>61</wp:post_id>
		<wp:post_date>2012-07-20 10:17:55</wp:post_date>
		<wp:post_date_gmt>2012-07-20 10:17:55</wp:post_date_gmt>
		<wp:comment_status>open</wp:comment_status>
		<wp:ping_status>open</wp:ping_status>
		<wp:post_name>61</wp:post_name>
		<wp:status>publish</wp:status>
		<wp:post_parent>0</wp:post_parent>
		<wp:menu_order>2</wp:menu_order>
		<wp:post_type>nav_menu_item</wp:post_type>
		<wp:post_password></wp:post_password>
		<wp:is_sticky>0</wp:is_sticky>
		<category domain="nav_menu" nicename="site-map"><![CDATA[Site Map]]></category>
		<wp:postmeta>
			<wp:meta_key>_menu_item_type</wp:meta_key>
			<wp:meta_value><![CDATA[post_type]]></wp:meta_value>
		</wp:postmeta>
		<wp:postmeta>
			<wp:meta_key>_menu_item_menu_item_parent</wp:meta_key>
			<wp:meta_value><![CDATA[0]]></wp:meta_value>
		</wp:postmeta>
		<wp:postmeta>
			<wp:meta_key>_menu_item_object_id</wp:meta_key>
			<wp:meta_value><![CDATA[21]]></wp:meta_value>
		</wp:postmeta>
		<wp:postmeta>
			<wp:meta_key>_menu_item_object</wp:meta_key>
			<wp:meta_value><![CDATA[page]]></wp:meta_value>
		</wp:postmeta>
		<wp:postmeta>
			<wp:meta_key>_menu_item_target</wp:meta_key>
			<wp:meta_value><![CDATA[]]></wp:meta_value>
		</wp:postmeta>
		<wp:postmeta>
			<wp:meta_key>_menu_item_classes</wp:meta_key>
			<wp:meta_value><![CDATA[a:1:{i:0;s:0:"";}]]></wp:meta_value>
		</wp:postmeta>
		<wp:postmeta>
			<wp:meta_key>_menu_item_xfn</wp:meta_key>
			<wp:meta_value><![CDATA[]]></wp:meta_value>
		</wp:postmeta>
		<wp:postmeta>
			<wp:meta_key>_menu_item_url</wp:meta_key>
			<wp:meta_value><![CDATA[]]></wp:meta_value>
		</wp:postmeta>
	</item>
	<item>
		<title></title>
		<link>http://192.168.1.2/hotel/www2/?p=62</link>
		<pubDate>Fri, 20 Jul 2012 10:17:55 +0000</pubDate>
		<dc:creator>admin</dc:creator>
		<guid isPermaLink="false">http://192.168.1.2/hotel/www2/?p=62</guid>
		<description></description>
		<content:encoded><![CDATA[ ]]></content:encoded>
		<excerpt:encoded><![CDATA[]]></excerpt:encoded>
		<wp:post_id>62</wp:post_id>
		<wp:post_date>2012-07-20 10:17:55</wp:post_date>
		<wp:post_date_gmt>2012-07-20 10:17:55</wp:post_date_gmt>
		<wp:comment_status>open</wp:comment_status>
		<wp:ping_status>open</wp:ping_status>
		<wp:post_name>62</wp:post_name>
		<wp:status>publish</wp:status>
		<wp:post_parent>0</wp:post_parent>
		<wp:menu_order>1</wp:menu_order>
		<wp:post_type>nav_menu_item</wp:post_type>
		<wp:post_password></wp:post_password>
		<wp:is_sticky>0</wp:is_sticky>
		<category domain="nav_menu" nicename="site-map"><![CDATA[Site Map]]></category>
		<wp:postmeta>
			<wp:meta_key>_menu_item_type</wp:meta_key>
			<wp:meta_value><![CDATA[post_type]]></wp:meta_value>
		</wp:postmeta>
		<wp:postmeta>
			<wp:meta_key>_menu_item_menu_item_parent</wp:meta_key>
			<wp:meta_value><![CDATA[0]]></wp:meta_value>
		</wp:postmeta>
		<wp:postmeta>
			<wp:meta_key>_menu_item_object_id</wp:meta_key>
			<wp:meta_value><![CDATA[7]]></wp:meta_value>
		</wp:postmeta>
		<wp:postmeta>
			<wp:meta_key>_menu_item_object</wp:meta_key>
			<wp:meta_value><![CDATA[page]]></wp:meta_value>
		</wp:postmeta>
		<wp:postmeta>
			<wp:meta_key>_menu_item_target</wp:meta_key>
			<wp:meta_value><![CDATA[]]></wp:meta_value>
		</wp:postmeta>
		<wp:postmeta>
			<wp:meta_key>_menu_item_classes</wp:meta_key>
			<wp:meta_value><![CDATA[a:1:{i:0;s:0:"";}]]></wp:meta_value>
		</wp:postmeta>
		<wp:postmeta>
			<wp:meta_key>_menu_item_xfn</wp:meta_key>
			<wp:meta_value><![CDATA[]]></wp:meta_value>
		</wp:postmeta>
		<wp:postmeta>
			<wp:meta_key>_menu_item_url</wp:meta_key>
			<wp:meta_value><![CDATA[]]></wp:meta_value>
		</wp:postmeta>
	</item>
</channel>
</rss>
